filename,group,aspect_ratio,image_size,theme_slot,alt_text,prompt,exclusions
"species-lions-mane-hero.jpg","species","16:9","4K","metaobject lions-mane.hero_image","Macro photograph of a Lion's Mane fruit body, its white spines hanging from dead hardwood.","Photograph, in ultra-detailed cinematic macro, a Lion's Mane fungus, Hericium erinaceus, a single rounded white cushion with long cascading icicle-like spines hanging downward, with no cap, no gills and no stem, growing from a wound on a dead hardwood trunk in Southern Cape Afromontane forest. Render the morphology with scientific accuracy. Shoot it as if on a medium-format camera with a 100mm macro lens at f/5.6, lit by a single soft key at 45 degrees with a cool rim light for separation, against a deep charcoal near-black background of #0B0E0C, with warm amber highlights, fine spore dust suspended in the light beam, damp organic texture, and extremely sharp focus on the specimen falling off naturally into shadow. The mood is a premium editorial botanical campaign: muted natural colour, matte finish, no gloss.","Photographic realism only - not an illustration, 3D render or CGI. Keep the palette in muted natural greens, ambers and near-blacks with no purple, magenta, rainbow or neon cast, and no teal-and-orange grade. The frame must contain no text, lettering, watermark, signature, logo, packaging or label, no borders, frames or vignette, and no interface elements. Nothing medical: no pills, capsules, syringes, medical crosses, lab coats, clinical laboratory or hospital settings, stethoscopes, anatomical diagrams or glowing organs. No people, faces or hands. Anatomy must be correct with no duplicated or deformed specimens, no extra stems and no impossible growth. Avoid a generic stock-photograph look."
"species-lions-mane-macro.jpg","species","4:5","2K","metaobject lions-mane.macro_editorial_image","Macro photograph of a Lion's Mane fruit body, its white spines hanging from dead hardwood.","Photograph, in ultra-detailed cinematic macro, extreme close-up of the hanging white spines of Hericium erinaceus, individual teeth resolved, faint translucency at the tips, dew beading. Render the morphology with scientific accuracy. Shoot it as if on a medium-format camera with a 100mm macro lens at f/5.6, lit by a single soft key at 45 degrees with a cool rim light for separation, against a deep charcoal near-black background of #0B0E0C, with warm amber highlights, fine spore dust suspended in the light beam, damp organic texture, and extremely sharp focus on the specimen falling off naturally into shadow. The mood is a premium editorial botanical campaign: muted natural colour, matte finish, no gloss.","Photographic realism only - not an illustration, 3D render or CGI. Keep the palette in muted natural greens, ambers and near-blacks with no purple, magenta, rainbow or neon cast, and no teal-and-orange grade. The frame must contain no text, lettering, watermark, signature, logo, packaging or label, no borders, frames or vignette, and no interface elements. Nothing medical: no pills, capsules, syringes, medical crosses, lab coats, clinical laboratory or hospital settings, stethoscopes, anatomical diagrams or glowing organs. No people, faces or hands. Anatomy must be correct with no duplicated or deformed specimens, no extra stems and no impossible growth. Avoid a generic stock-photograph look."
"species-lions-mane-og.jpg","species","3:2","2K","metaobject lions-mane.og_image (crop to 1200x630)","Macro photograph of a Lion's Mane fruit body, its white spines hanging from dead hardwood.","Photograph, in ultra-detailed cinematic macro, a Lion's Mane fungus, Hericium erinaceus, a single rounded white cushion with long cascading icicle-like spines hanging downward, with no cap, no gills and no stem, growing from a wound on a dead hardwood trunk in Southern Cape Afromontane forest. Render the morphology with scientific accuracy. Shoot it as if on a medium-format camera with a 100mm macro lens at f/5.6, lit by a single soft key at 45 degrees with a cool rim light for separation, against a deep charcoal near-black background of #0B0E0C, with warm amber highlights, fine spore dust suspended in the light beam, damp organic texture, and extremely sharp focus on the specimen falling off naturally into shadow. The mood is a premium editorial botanical campaign: muted natural colour, matte finish, no gloss. Compose wide with generous negative space on one third of the frame for an overlaid wordmark.","Photographic realism only - not an illustration, 3D render or CGI. Keep the palette in muted natural greens, ambers and near-blacks with no purple, magenta, rainbow or neon cast, and no teal-and-orange grade. The frame must contain no text, lettering, watermark, signature, logo, packaging or label, no borders, frames or vignette, and no interface elements. Nothing medical: no pills, capsules, syringes, medical crosses, lab coats, clinical laboratory or hospital settings, stethoscopes, anatomical diagrams or glowing organs. No people, faces or hands. Anatomy must be correct with no duplicated or deformed specimens, no extra stems and no impossible growth. Avoid a generic stock-photograph look."
"species-reishi-hero.jpg","species","16:9","4K","metaobject reishi.hero_image","Varnished red-brown reishi bracket growing on a dead hardwood stump.","Photograph, in ultra-detailed cinematic macro, a Reishi bracket fungus, Ganoderma lucidum, a kidney-shaped shelf with a lacquered varnished red-brown cap, concentric growth zoning, a pale cream growing margin, and a pore surface underneath with no gills, on a dead hardwood stump. Render the morphology with scientific accuracy. Shoot it as if on a medium-format camera with a 100mm macro lens at f/5.6, lit by a single soft key at 45 degrees with a cool rim light for separation, against a deep charcoal near-black background of #0B0E0C, with warm amber highlights, fine spore dust suspended in the light beam, damp organic texture, and extremely sharp focus on the specimen falling off naturally into shadow. The mood is a premium editorial botanical campaign: muted natural colour, matte finish, no gloss.","Photographic realism only - not an illustration, 3D render or CGI. Keep the palette in muted natural greens, ambers and near-blacks with no purple, magenta, rainbow or neon cast, and no teal-and-orange grade. The frame must contain no text, lettering, watermark, signature, logo, packaging or label, no borders, frames or vignette, and no interface elements. Nothing medical: no pills, capsules, syringes, medical crosses, lab coats, clinical laboratory or hospital settings, stethoscopes, anatomical diagrams or glowing organs. No people, faces or hands. Anatomy must be correct with no duplicated or deformed specimens, no extra stems and no impossible growth. Avoid a generic stock-photograph look."
"species-reishi-macro.jpg","species","4:5","2K","metaobject reishi.macro_editorial_image","Varnished red-brown reishi bracket growing on a dead hardwood stump.","Photograph, in ultra-detailed cinematic macro, extreme close-up of the varnished surface of a Ganoderma lucidum cap, concentric red-brown lacquer bands catching the key light, white growing margin at the frame edge. Render the morphology with scientific accuracy. Shoot it as if on a medium-format camera with a 100mm macro lens at f/5.6, lit by a single soft key at 45 degrees with a cool rim light for separation, against a deep charcoal near-black background of #0B0E0C, with warm amber highlights, fine spore dust suspended in the light beam, damp organic texture, and extremely sharp focus on the specimen falling off naturally into shadow. The mood is a premium editorial botanical campaign: muted natural colour, matte finish, no gloss.","Photographic realism only - not an illustration, 3D render or CGI. Keep the palette in muted natural greens, ambers and near-blacks with no purple, magenta, rainbow or neon cast, and no teal-and-orange grade. The frame must contain no text, lettering, watermark, signature, logo, packaging or label, no borders, frames or vignette, and no interface elements. Nothing medical: no pills, capsules, syringes, medical crosses, lab coats, clinical laboratory or hospital settings, stethoscopes, anatomical diagrams or glowing organs. No people, faces or hands. Anatomy must be correct with no duplicated or deformed specimens, no extra stems and no impossible growth. Avoid a generic stock-photograph look."
"species-reishi-og.jpg","species","3:2","2K","metaobject reishi.og_image (crop to 1200x630)","Varnished red-brown reishi bracket growing on a dead hardwood stump.","Photograph, in ultra-detailed cinematic macro, a Reishi bracket fungus, Ganoderma lucidum, a kidney-shaped shelf with a lacquered varnished red-brown cap, concentric growth zoning, a pale cream growing margin, and a pore surface underneath with no gills, on a dead hardwood stump. Render the morphology with scientific accuracy. Shoot it as if on a medium-format camera with a 100mm macro lens at f/5.6, lit by a single soft key at 45 degrees with a cool rim light for separation, against a deep charcoal near-black background of #0B0E0C, with warm amber highlights, fine spore dust suspended in the light beam, damp organic texture, and extremely sharp focus on the specimen falling off naturally into shadow. The mood is a premium editorial botanical campaign: muted natural colour, matte finish, no gloss. Compose wide with generous negative space on one third of the frame for an overlaid wordmark.","Photographic realism only - not an illustration, 3D render or CGI. Keep the palette in muted natural greens, ambers and near-blacks with no purple, magenta, rainbow or neon cast, and no teal-and-orange grade. The frame must contain no text, lettering, watermark, signature, logo, packaging or label, no borders, frames or vignette, and no interface elements. Nothing medical: no pills, capsules, syringes, medical crosses, lab coats, clinical laboratory or hospital settings, stethoscopes, anatomical diagrams or glowing organs. No people, faces or hands. Anatomy must be correct with no duplicated or deformed specimens, no extra stems and no impossible growth. Avoid a generic stock-photograph look."
"species-chaga-hero.jpg","species","16:9","4K","metaobject chaga.hero_image","Black cracked chaga conk growing on the trunk of a living birch.","Photograph, in ultra-detailed cinematic macro, a Chaga sterile conk, Inonotus obliquus, a black cracked charcoal-like mass erupting from the trunk of a living birch tree, with rusty orange-brown interior visible in the fissures - not a mushroom shape and not on the ground. Render the morphology with scientific accuracy. Shoot it as if on a medium-format camera with a 100mm macro lens at f/5.6, lit by a single soft key at 45 degrees with a cool rim light for separation, against a deep charcoal near-black background of #0B0E0C, with warm amber highlights, fine spore dust suspended in the light beam, damp organic texture, and extremely sharp focus on the specimen falling off naturally into shadow. The mood is a premium editorial botanical campaign: muted natural colour, matte finish, no gloss.","Photographic realism only - not an illustration, 3D render or CGI. Keep the palette in muted natural greens, ambers and near-blacks with no purple, magenta, rainbow or neon cast, and no teal-and-orange grade. The frame must contain no text, lettering, watermark, signature, logo, packaging or label, no borders, frames or vignette, and no interface elements. Nothing medical: no pills, capsules, syringes, medical crosses, lab coats, clinical laboratory or hospital settings, stethoscopes, anatomical diagrams or glowing organs. No people, faces or hands. Anatomy must be correct with no duplicated or deformed specimens, no extra stems and no impossible growth. Avoid a generic stock-photograph look."
"species-chaga-macro.jpg","species","4:5","2K","metaobject chaga.macro_editorial_image","Black cracked chaga conk growing on the trunk of a living birch.","Photograph, in ultra-detailed cinematic macro, extreme close-up of the cracked black exterior and burnt-orange cork interior of a chaga conk, deep fissures, birch bark visible at the frame edge. Render the morphology with scientific accuracy. Shoot it as if on a medium-format camera with a 100mm macro lens at f/5.6, lit by a single soft key at 45 degrees with a cool rim light for separation, against a deep charcoal near-black background of #0B0E0C, with warm amber highlights, fine spore dust suspended in the light beam, damp organic texture, and extremely sharp focus on the specimen falling off naturally into shadow. The mood is a premium editorial botanical campaign: muted natural colour, matte finish, no gloss.","Photographic realism only - not an illustration, 3D render or CGI. Keep the palette in muted natural greens, ambers and near-blacks with no purple, magenta, rainbow or neon cast, and no teal-and-orange grade. The frame must contain no text, lettering, watermark, signature, logo, packaging or label, no borders, frames or vignette, and no interface elements. Nothing medical: no pills, capsules, syringes, medical crosses, lab coats, clinical laboratory or hospital settings, stethoscopes, anatomical diagrams or glowing organs. No people, faces or hands. Anatomy must be correct with no duplicated or deformed specimens, no extra stems and no impossible growth. Avoid a generic stock-photograph look."
"species-chaga-og.jpg","species","3:2","2K","metaobject chaga.og_image (crop to 1200x630)","Black cracked chaga conk growing on the trunk of a living birch.","Photograph, in ultra-detailed cinematic macro, a Chaga sterile conk, Inonotus obliquus, a black cracked charcoal-like mass erupting from the trunk of a living birch tree, with rusty orange-brown interior visible in the fissures - not a mushroom shape and not on the ground. Render the morphology with scientific accuracy. Shoot it as if on a medium-format camera with a 100mm macro lens at f/5.6, lit by a single soft key at 45 degrees with a cool rim light for separation, against a deep charcoal near-black background of #0B0E0C, with warm amber highlights, fine spore dust suspended in the light beam, damp organic texture, and extremely sharp focus on the specimen falling off naturally into shadow. The mood is a premium editorial botanical campaign: muted natural colour, matte finish, no gloss. Compose wide with generous negative space on one third of the frame for an overlaid wordmark.","Photographic realism only - not an illustration, 3D render or CGI. Keep the palette in muted natural greens, ambers and near-blacks with no purple, magenta, rainbow or neon cast, and no teal-and-orange grade. The frame must contain no text, lettering, watermark, signature, logo, packaging or label, no borders, frames or vignette, and no interface elements. Nothing medical: no pills, capsules, syringes, medical crosses, lab coats, clinical laboratory or hospital settings, stethoscopes, anatomical diagrams or glowing organs. No people, faces or hands. Anatomy must be correct with no duplicated or deformed specimens, no extra stems and no impossible growth. Avoid a generic stock-photograph look."
"species-cordyceps-hero.jpg","species","16:9","4K","metaobject cordyceps.hero_image","Cluster of orange Cordyceps militaris clubs emerging from substrate.","Photograph, in ultra-detailed cinematic macro, Cordyceps militaris, a cluster of bright orange club-shaped fruiting bodies with finely pimpled surfaces emerging from substrate, with no insects and nothing parasitising a visible host. Render the morphology with scientific accuracy. Shoot it as if on a medium-format camera with a 100mm macro lens at f/5.6, lit by a single soft key at 45 degrees with a cool rim light for separation, against a deep charcoal near-black background of #0B0E0C, with warm amber highlights, fine spore dust suspended in the light beam, damp organic texture, and extremely sharp focus on the specimen falling off naturally into shadow. The mood is a premium editorial botanical campaign: muted natural colour, matte finish, no gloss.","Photographic realism only - not an illustration, 3D render or CGI. Keep the palette in muted natural greens, ambers and near-blacks with no purple, magenta, rainbow or neon cast, and no teal-and-orange grade. The frame must contain no text, lettering, watermark, signature, logo, packaging or label, no borders, frames or vignette, and no interface elements. Nothing medical: no pills, capsules, syringes, medical crosses, lab coats, clinical laboratory or hospital settings, stethoscopes, anatomical diagrams or glowing organs. No people, faces or hands. Anatomy must be correct with no duplicated or deformed specimens, no extra stems and no impossible growth. Avoid a generic stock-photograph look."
"species-cordyceps-macro.jpg","species","4:5","2K","metaobject cordyceps.macro_editorial_image","Cluster of orange Cordyceps militaris clubs emerging from substrate.","Photograph, in ultra-detailed cinematic macro, extreme close-up of a single orange Cordyceps militaris club, perithecia visible as fine bumps, translucent glow where backlit. Render the morphology with scientific accuracy. Shoot it as if on a medium-format camera with a 100mm macro lens at f/5.6, lit by a single soft key at 45 degrees with a cool rim light for separation, against a deep charcoal near-black background of #0B0E0C, with warm amber highlights, fine spore dust suspended in the light beam, damp organic texture, and extremely sharp focus on the specimen falling off naturally into shadow. The mood is a premium editorial botanical campaign: muted natural colour, matte finish, no gloss.","Photographic realism only - not an illustration, 3D render or CGI. Keep the palette in muted natural greens, ambers and near-blacks with no purple, magenta, rainbow or neon cast, and no teal-and-orange grade. The frame must contain no text, lettering, watermark, signature, logo, packaging or label, no borders, frames or vignette, and no interface elements. Nothing medical: no pills, capsules, syringes, medical crosses, lab coats, clinical laboratory or hospital settings, stethoscopes, anatomical diagrams or glowing organs. No people, faces or hands. Anatomy must be correct with no duplicated or deformed specimens, no extra stems and no impossible growth. Avoid a generic stock-photograph look."
"species-cordyceps-og.jpg","species","3:2","2K","metaobject cordyceps.og_image (crop to 1200x630)","Cluster of orange Cordyceps militaris clubs emerging from substrate.","Photograph, in ultra-detailed cinematic macro, Cordyceps militaris, a cluster of bright orange club-shaped fruiting bodies with finely pimpled surfaces emerging from substrate, with no insects and nothing parasitising a visible host. Render the morphology with scientific accuracy. Shoot it as if on a medium-format camera with a 100mm macro lens at f/5.6, lit by a single soft key at 45 degrees with a cool rim light for separation, against a deep charcoal near-black background of #0B0E0C, with warm amber highlights, fine spore dust suspended in the light beam, damp organic texture, and extremely sharp focus on the specimen falling off naturally into shadow. The mood is a premium editorial botanical campaign: muted natural colour, matte finish, no gloss. Compose wide with generous negative space on one third of the frame for an overlaid wordmark.","Photographic realism only - not an illustration, 3D render or CGI. Keep the palette in muted natural greens, ambers and near-blacks with no purple, magenta, rainbow or neon cast, and no teal-and-orange grade. The frame must contain no text, lettering, watermark, signature, logo, packaging or label, no borders, frames or vignette, and no interface elements. Nothing medical: no pills, capsules, syringes, medical crosses, lab coats, clinical laboratory or hospital settings, stethoscopes, anatomical diagrams or glowing organs. No people, faces or hands. Anatomy must be correct with no duplicated or deformed specimens, no extra stems and no impossible growth. Avoid a generic stock-photograph look."
"species-turkey-tail-hero.jpg","species","16:9","4K","metaobject turkey-tail.hero_image","Overlapping turkey tail brackets banded in brown, ochre and cream on a fallen log.","Photograph, in ultra-detailed cinematic macro, Turkey Tail, Trametes versicolor, overlapping rosettes of thin flexible brackets with concentric velvety bands in brown, ochre, cream and slate, showing a white pore surface beneath and no gills, on a fallen log. Render the morphology with scientific accuracy. Shoot it as if on a medium-format camera with a 100mm macro lens at f/5.6, lit by a single soft key at 45 degrees with a cool rim light for separation, against a deep charcoal near-black background of #0B0E0C, with warm amber highlights, fine spore dust suspended in the light beam, damp organic texture, and extremely sharp focus on the specimen falling off naturally into shadow. The mood is a premium editorial botanical campaign: muted natural colour, matte finish, no gloss.","Photographic realism only - not an illustration, 3D render or CGI. Keep the palette in muted natural greens, ambers and near-blacks with no purple, magenta, rainbow or neon cast, and no teal-and-orange grade. The frame must contain no text, lettering, watermark, signature, logo, packaging or label, no borders, frames or vignette, and no interface elements. Nothing medical: no pills, capsules, syringes, medical crosses, lab coats, clinical laboratory or hospital settings, stethoscopes, anatomical diagrams or glowing organs. No people, faces or hands. Anatomy must be correct with no duplicated or deformed specimens, no extra stems and no impossible growth. Avoid a generic stock-photograph look."
"species-turkey-tail-macro.jpg","species","4:5","2K","metaobject turkey-tail.macro_editorial_image","Overlapping turkey tail brackets banded in brown, ochre and cream on a fallen log.","Photograph, in ultra-detailed cinematic macro, extreme close-up of the concentric banding of a single Trametes versicolor bracket, velvet texture, wavy pale margin. Render the morphology with scientific accuracy. Shoot it as if on a medium-format camera with a 100mm macro lens at f/5.6, lit by a single soft key at 45 degrees with a cool rim light for separation, against a deep charcoal near-black background of #0B0E0C, with warm amber highlights, fine spore dust suspended in the light beam, damp organic texture, and extremely sharp focus on the specimen falling off naturally into shadow. The mood is a premium editorial botanical campaign: muted natural colour, matte finish, no gloss.","Photographic realism only - not an illustration, 3D render or CGI. Keep the palette in muted natural greens, ambers and near-blacks with no purple, magenta, rainbow or neon cast, and no teal-and-orange grade. The frame must contain no text, lettering, watermark, signature, logo, packaging or label, no borders, frames or vignette, and no interface elements. Nothing medical: no pills, capsules, syringes, medical crosses, lab coats, clinical laboratory or hospital settings, stethoscopes, anatomical diagrams or glowing organs. No people, faces or hands. Anatomy must be correct with no duplicated or deformed specimens, no extra stems and no impossible growth. Avoid a generic stock-photograph look."
"species-turkey-tail-og.jpg","species","3:2","2K","metaobject turkey-tail.og_image (crop to 1200x630)","Overlapping turkey tail brackets banded in brown, ochre and cream on a fallen log.","Photograph, in ultra-detailed cinematic macro, Turkey Tail, Trametes versicolor, overlapping rosettes of thin flexible brackets with concentric velvety bands in brown, ochre, cream and slate, showing a white pore surface beneath and no gills, on a fallen log. Render the morphology with scientific accuracy. Shoot it as if on a medium-format camera with a 100mm macro lens at f/5.6, lit by a single soft key at 45 degrees with a cool rim light for separation, against a deep charcoal near-black background of #0B0E0C, with warm amber highlights, fine spore dust suspended in the light beam, damp organic texture, and extremely sharp focus on the specimen falling off naturally into shadow. The mood is a premium editorial botanical campaign: muted natural colour, matte finish, no gloss. Compose wide with generous negative space on one third of the frame for an overlaid wordmark.","Photographic realism only - not an illustration, 3D render or CGI. Keep the palette in muted natural greens, ambers and near-blacks with no purple, magenta, rainbow or neon cast, and no teal-and-orange grade. The frame must contain no text, lettering, watermark, signature, logo, packaging or label, no borders, frames or vignette, and no interface elements. Nothing medical: no pills, capsules, syringes, medical crosses, lab coats, clinical laboratory or hospital settings, stethoscopes, anatomical diagrams or glowing organs. No people, faces or hands. Anatomy must be correct with no duplicated or deformed specimens, no extra stems and no impossible growth. Avoid a generic stock-photograph look."
"species-tremella-hero.jpg","species","16:9","4K","metaobject tremella.hero_image","Translucent white tremella lobes on a dead broadleaf branch.","Photograph, in ultra-detailed cinematic macro, Tremella fuciformis, a translucent gelatinous white frilly mass of wavy petal-like lobes, glistening and semi-transparent, on a dead broadleaf branch - not opaque and not a capped mushroom. Render the morphology with scientific accuracy. Shoot it as if on a medium-format camera with a 100mm macro lens at f/5.6, lit by a single soft key at 45 degrees with a cool rim light for separation, against a deep charcoal near-black background of #0B0E0C, with warm amber highlights, fine spore dust suspended in the light beam, damp organic texture, and extremely sharp focus on the specimen falling off naturally into shadow. The mood is a premium editorial botanical campaign: muted natural colour, matte finish, no gloss.","Photographic realism only - not an illustration, 3D render or CGI. Keep the palette in muted natural greens, ambers and near-blacks with no purple, magenta, rainbow or neon cast, and no teal-and-orange grade. The frame must contain no text, lettering, watermark, signature, logo, packaging or label, no borders, frames or vignette, and no interface elements. Nothing medical: no pills, capsules, syringes, medical crosses, lab coats, clinical laboratory or hospital settings, stethoscopes, anatomical diagrams or glowing organs. No people, faces or hands. Anatomy must be correct with no duplicated or deformed specimens, no extra stems and no impossible growth. Avoid a generic stock-photograph look."
"species-tremella-macro.jpg","species","4:5","2K","metaobject tremella.macro_editorial_image","Translucent white tremella lobes on a dead broadleaf branch.","Photograph, in ultra-detailed cinematic macro, extreme close-up of translucent Tremella fuciformis lobes, light passing through the gelatinous tissue, water droplets beading on the surface. Render the morphology with scientific accuracy. Shoot it as if on a medium-format camera with a 100mm macro lens at f/5.6, lit by a single soft key at 45 degrees with a cool rim light for separation, against a deep charcoal near-black background of #0B0E0C, with warm amber highlights, fine spore dust suspended in the light beam, damp organic texture, and extremely sharp focus on the specimen falling off naturally into shadow. The mood is a premium editorial botanical campaign: muted natural colour, matte finish, no gloss.","Photographic realism only - not an illustration, 3D render or CGI. Keep the palette in muted natural greens, ambers and near-blacks with no purple, magenta, rainbow or neon cast, and no teal-and-orange grade. The frame must contain no text, lettering, watermark, signature, logo, packaging or label, no borders, frames or vignette, and no interface elements. Nothing medical: no pills, capsules, syringes, medical crosses, lab coats, clinical laboratory or hospital settings, stethoscopes, anatomical diagrams or glowing organs. No people, faces or hands. Anatomy must be correct with no duplicated or deformed specimens, no extra stems and no impossible growth. Avoid a generic stock-photograph look."
"species-tremella-og.jpg","species","3:2","2K","metaobject tremella.og_image (crop to 1200x630)","Translucent white tremella lobes on a dead broadleaf branch.","Photograph, in ultra-detailed cinematic macro, Tremella fuciformis, a translucent gelatinous white frilly mass of wavy petal-like lobes, glistening and semi-transparent, on a dead broadleaf branch - not opaque and not a capped mushroom. Render the morphology with scientific accuracy. Shoot it as if on a medium-format camera with a 100mm macro lens at f/5.6, lit by a single soft key at 45 degrees with a cool rim light for separation, against a deep charcoal near-black background of #0B0E0C, with warm amber highlights, fine spore dust suspended in the light beam, damp organic texture, and extremely sharp focus on the specimen falling off naturally into shadow. The mood is a premium editorial botanical campaign: muted natural colour, matte finish, no gloss. Compose wide with generous negative space on one third of the frame for an overlaid wordmark.","Photographic realism only - not an illustration, 3D render or CGI. Keep the palette in muted natural greens, ambers and near-blacks with no purple, magenta, rainbow or neon cast, and no teal-and-orange grade. The frame must contain no text, lettering, watermark, signature, logo, packaging or label, no borders, frames or vignette, and no interface elements. Nothing medical: no pills, capsules, syringes, medical crosses, lab coats, clinical laboratory or hospital settings, stethoscopes, anatomical diagrams or glowing organs. No people, faces or hands. Anatomy must be correct with no duplicated or deformed specimens, no extra stems and no impossible growth. Avoid a generic stock-photograph look."
"species-shiitake-hero.jpg","species","16:9","4K","metaobject shiitake.hero_image","Shiitake caps with white cracking, growing from an inoculated oak log.","Photograph, in ultra-detailed cinematic macro, Shiitake, Lentinula edodes, umbrella caps of rich brown with white cracking across the cap surface, inrolled margins and cream gills beneath, growing from an inoculated oak log. Render the morphology with scientific accuracy. Shoot it as if on a medium-format camera with a 100mm macro lens at f/5.6, lit by a single soft key at 45 degrees with a cool rim light for separation, against a deep charcoal near-black background of #0B0E0C, with warm amber highlights, fine spore dust suspended in the light beam, damp organic texture, and extremely sharp focus on the specimen falling off naturally into shadow. The mood is a premium editorial botanical campaign: muted natural colour, matte finish, no gloss.","Photographic realism only - not an illustration, 3D render or CGI. Keep the palette in muted natural greens, ambers and near-blacks with no purple, magenta, rainbow or neon cast, and no teal-and-orange grade. The frame must contain no text, lettering, watermark, signature, logo, packaging or label, no borders, frames or vignette, and no interface elements. Nothing medical: no pills, capsules, syringes, medical crosses, lab coats, clinical laboratory or hospital settings, stethoscopes, anatomical diagrams or glowing organs. No people, faces or hands. Anatomy must be correct with no duplicated or deformed specimens, no extra stems and no impossible growth. Avoid a generic stock-photograph look."
"species-shiitake-macro.jpg","species","4:5","2K","metaobject shiitake.macro_editorial_image","Shiitake caps with white cracking, growing from an inoculated oak log.","Photograph, in ultra-detailed cinematic macro, extreme close-up of a shiitake cap showing the white fissured crackle pattern against brown, gill edge visible at the bottom of the frame. Render the morphology with scientific accuracy. Shoot it as if on a medium-format camera with a 100mm macro lens at f/5.6, lit by a single soft key at 45 degrees with a cool rim light for separation, against a deep charcoal near-black background of #0B0E0C, with warm amber highlights, fine spore dust suspended in the light beam, damp organic texture, and extremely sharp focus on the specimen falling off naturally into shadow. The mood is a premium editorial botanical campaign: muted natural colour, matte finish, no gloss.","Photographic realism only - not an illustration, 3D render or CGI. Keep the palette in muted natural greens, ambers and near-blacks with no purple, magenta, rainbow or neon cast, and no teal-and-orange grade. The frame must contain no text, lettering, watermark, signature, logo, packaging or label, no borders, frames or vignette, and no interface elements. Nothing medical: no pills, capsules, syringes, medical crosses, lab coats, clinical laboratory or hospital settings, stethoscopes, anatomical diagrams or glowing organs. No people, faces or hands. Anatomy must be correct with no duplicated or deformed specimens, no extra stems and no impossible growth. Avoid a generic stock-photograph look."
"species-shiitake-og.jpg","species","3:2","2K","metaobject shiitake.og_image (crop to 1200x630)","Shiitake caps with white cracking, growing from an inoculated oak log.","Photograph, in ultra-detailed cinematic macro, Shiitake, Lentinula edodes, umbrella caps of rich brown with white cracking across the cap surface, inrolled margins and cream gills beneath, growing from an inoculated oak log. Render the morphology with scientific accuracy. Shoot it as if on a medium-format camera with a 100mm macro lens at f/5.6, lit by a single soft key at 45 degrees with a cool rim light for separation, against a deep charcoal near-black background of #0B0E0C, with warm amber highlights, fine spore dust suspended in the light beam, damp organic texture, and extremely sharp focus on the specimen falling off naturally into shadow. The mood is a premium editorial botanical campaign: muted natural colour, matte finish, no gloss. Compose wide with generous negative space on one third of the frame for an overlaid wordmark.","Photographic realism only - not an illustration, 3D render or CGI. Keep the palette in muted natural greens, ambers and near-blacks with no purple, magenta, rainbow or neon cast, and no teal-and-orange grade. The frame must contain no text, lettering, watermark, signature, logo, packaging or label, no borders, frames or vignette, and no interface elements. Nothing medical: no pills, capsules, syringes, medical crosses, lab coats, clinical laboratory or hospital settings, stethoscopes, anatomical diagrams or glowing organs. No people, faces or hands. Anatomy must be correct with no duplicated or deformed specimens, no extra stems and no impossible growth. Avoid a generic stock-photograph look."
"species-sceletium-hero.jpg","species","16:9","4K","metaobject sceletium.hero_image","Sceletium tortuosum succulent in flower, growing in Karoo quartz gravel.","Photograph, in ultra-detailed cinematic macro, a succulent plant and not a fungus - Sceletium tortuosum, sprawling fleshy green leaves with raised translucent bladder cells on the surface, and a small star-shaped white-to-pale-yellow flower with fine filamentous petals, growing in dry Karoo quartz gravel under low sun. Render the morphology with scientific accuracy. Shoot it as if on a medium-format camera with a 100mm macro lens at f/5.6, lit by a single soft key at 45 degrees with a cool rim light for separation, against a deep charcoal near-black background of #0B0E0C, with warm amber highlights, fine dry dust and quartz glitter suspended in the light beam, arid mineral texture, and extremely sharp focus on the specimen falling off naturally into shadow. The mood is a premium editorial botanical campaign: muted natural colour, matte finish, no gloss. It is a succulent plant: no mushroom, no fungus, no cap, no gills, no stem anywhere in frame.","Photographic realism only - not an illustration, 3D render or CGI. Keep the palette in muted natural greens, ambers and near-blacks with no purple, magenta, rainbow or neon cast, and no teal-and-orange grade. The frame must contain no text, lettering, watermark, signature, logo, packaging or label, no borders, frames or vignette, and no interface elements. Nothing medical: no pills, capsules, syringes, medical crosses, lab coats, clinical laboratory or hospital settings, stethoscopes, anatomical diagrams or glowing organs. No people, faces or hands. Anatomy must be correct with no duplicated or deformed specimens, no extra stems and no impossible growth. Avoid a generic stock-photograph look."
"species-sceletium-macro.jpg","species","4:5","2K","metaobject sceletium.macro_editorial_image","Sceletium tortuosum succulent in flower, growing in Karoo quartz gravel.","Photograph, in ultra-detailed cinematic macro, extreme close-up of Sceletium tortuosum leaves showing the raised translucent idioblast cells, one open pale flower, arid grit background. Render the morphology with scientific accuracy. Shoot it as if on a medium-format camera with a 100mm macro lens at f/5.6, lit by a single soft key at 45 degrees with a cool rim light for separation, against a deep charcoal near-black background of #0B0E0C, with warm amber highlights, fine dry dust and quartz glitter suspended in the light beam, arid mineral texture, and extremely sharp focus on the specimen falling off naturally into shadow. The mood is a premium editorial botanical campaign: muted natural colour, matte finish, no gloss. It is a succulent plant: no mushroom, no fungus, no cap, no gills, no stem anywhere in frame.","Photographic realism only - not an illustration, 3D render or CGI. Keep the palette in muted natural greens, ambers and near-blacks with no purple, magenta, rainbow or neon cast, and no teal-and-orange grade. The frame must contain no text, lettering, watermark, signature, logo, packaging or label, no borders, frames or vignette, and no interface elements. Nothing medical: no pills, capsules, syringes, medical crosses, lab coats, clinical laboratory or hospital settings, stethoscopes, anatomical diagrams or glowing organs. No people, faces or hands. Anatomy must be correct with no duplicated or deformed specimens, no extra stems and no impossible growth. Avoid a generic stock-photograph look."
"species-sceletium-og.jpg","species","3:2","2K","metaobject sceletium.og_image (crop to 1200x630)","Sceletium tortuosum succulent in flower, growing in Karoo quartz gravel.","Photograph, in ultra-detailed cinematic macro, a succulent plant and not a fungus - Sceletium tortuosum, sprawling fleshy green leaves with raised translucent bladder cells on the surface, and a small star-shaped white-to-pale-yellow flower with fine filamentous petals, growing in dry Karoo quartz gravel under low sun. Render the morphology with scientific accuracy. Shoot it as if on a medium-format camera with a 100mm macro lens at f/5.6, lit by a single soft key at 45 degrees with a cool rim light for separation, against a deep charcoal near-black background of #0B0E0C, with warm amber highlights, fine dry dust and quartz glitter suspended in the light beam, arid mineral texture, and extremely sharp focus on the specimen falling off naturally into shadow. The mood is a premium editorial botanical campaign: muted natural colour, matte finish, no gloss. Compose wide with generous negative space on one third of the frame for an overlaid wordmark. It is a succulent plant: no mushroom, no fungus, no cap, no gills, no stem anywhere in frame.","Photographic realism only - not an illustration, 3D render or CGI. Keep the palette in muted natural greens, ambers and near-blacks with no purple, magenta, rainbow or neon cast, and no teal-and-orange grade. The frame must contain no text, lettering, watermark, signature, logo, packaging or label, no borders, frames or vignette, and no interface elements. Nothing medical: no pills, capsules, syringes, medical crosses, lab coats, clinical laboratory or hospital settings, stethoscopes, anatomical diagrams or glowing organs. No people, faces or hands. Anatomy must be correct with no duplicated or deformed specimens, no extra stems and no impossible growth. Avoid a generic stock-photograph look."
"product-lions-mane-mushroom-tincture-30ml.jpg","product","4:5","4K","product lions-mane-mushroom-tincture-30ml - gallery image 1","Amber dropper bottle of Lions Mane Mushroom Tincture (30ml) on dark slate.","Restage the amber glass dropper bottle from the reference image, preserving its exact label artwork, cap type, glass colour and proportions, as a premium product still life. Place it at a three-quarter angle standing on wet dark slate, lit by a single soft key at 45 degrees from camera left with a cool rim light raking the glass shoulder, against a near-black #0B0E0C background falling to pure shadow, with warm amber transmission through the glass and fine dust in the light beam. Arrange a single white spined Lion's Mane specimen and a chip of dead hardwood sparsely in the mid-ground, softly out of focus. Light it like a spirits campaign: matte, muted natural colour, extremely sharp on the bottle, medium-format look. Do not alter, redraw or re-letter the label.","Photographic realism only - not an illustration, 3D render or CGI. Keep the palette in muted natural greens, ambers and near-blacks with no purple, magenta, rainbow or neon cast, and no teal-and-orange grade. Apart from the product's own printed label, which must be reproduced exactly as it appears in the reference image, the frame must contain no added text, watermark, signature or logo, and no borders, frames, vignette or interface elements. Nothing medical: no pills, capsules, syringes, medical crosses, lab coats, clinical laboratory or hospital settings, stethoscopes, anatomical diagrams or glowing organs. No people, faces or hands. Anatomy must be correct with no duplicated or deformed specimens, no extra stems and no impossible growth. Avoid a generic stock-photograph look."
"product-lions-mane-mushroom-tincture-30ml-macro.jpg","product","4:5","4K","product lions-mane-mushroom-tincture-30ml - gallery image 2","A drop of Lions Mane Mushroom Tincture (30ml) tincture falling from a glass dropper.","Photograph, in extreme macro, a single drop of amber tincture falling from a glass dropper pipette against a near-black background. Catch the drop mid-fall and render it sharp, with internal refraction and a warm specular highlight, fine mist and dust in the beam. Shoot it with a high-speed capture look, premium and editorial, with no bottle label visible in frame.","Photographic realism only - not an illustration, 3D render or CGI. Keep the palette in muted natural greens, ambers and near-blacks with no purple, magenta, rainbow or neon cast, and no teal-and-orange grade. The frame must contain no text, lettering, watermark, signature, logo, packaging or label, no borders, frames or vignette, and no interface elements. Nothing medical: no pills, capsules, syringes, medical crosses, lab coats, clinical laboratory or hospital settings, stethoscopes, anatomical diagrams or glowing organs. No people, faces or hands. Anatomy must be correct with no duplicated or deformed specimens, no extra stems and no impossible growth. Avoid a generic stock-photograph look."
"product-lions-mane-mushroom-tincture-30ml-scene.jpg","product","4:5","4K","product lions-mane-mushroom-tincture-30ml - gallery image 3","Lions Mane Mushroom Tincture (30ml) bottle staged with its botanical.","Restage the amber glass dropper bottle from the reference image, preserving its exact label artwork, cap type, glass colour and proportions, as a premium product still life. Place it at a three-quarter angle standing on wet dark slate, lit by a single soft key at 45 degrees from camera left with a cool rim light raking the glass shoulder, against a near-black #0B0E0C background falling to pure shadow, with warm amber transmission through the glass and fine dust in the light beam. Arrange a single white spined Lion's Mane specimen and a chip of dead hardwood sparsely in the mid-ground, softly out of focus. Light it like a spirits campaign: matte, muted natural colour, extremely sharp on the bottle, medium-format look. Do not alter, redraw or re-letter the label. Compose wider, giving the botanical material more of the frame than the bottle.","Photographic realism only - not an illustration, 3D render or CGI. Keep the palette in muted natural greens, ambers and near-blacks with no purple, magenta, rainbow or neon cast, and no teal-and-orange grade. Apart from the product's own printed label, which must be reproduced exactly as it appears in the reference image, the frame must contain no added text, watermark, signature or logo, and no borders, frames, vignette or interface elements. Nothing medical: no pills, capsules, syringes, medical crosses, lab coats, clinical laboratory or hospital settings, stethoscopes, anatomical diagrams or glowing organs. No people, faces or hands. Anatomy must be correct with no duplicated or deformed specimens, no extra stems and no impossible growth. Avoid a generic stock-photograph look."
"product-lions-mane-mushroom-tincture-50ml.jpg","product","4:5","4K","product lions-mane-mushroom-tincture-50ml - gallery image 1","Amber dropper bottle of Lions Mane Mushroom Tincture (50ml) on dark slate.","Restage the amber glass dropper bottle from the reference image, preserving its exact label artwork, cap type, glass colour and proportions, as a premium product still life. Place it at a three-quarter angle standing on wet dark slate, lit by a single soft key at 45 degrees from camera left with a cool rim light raking the glass shoulder, against a near-black #0B0E0C background falling to pure shadow, with warm amber transmission through the glass and fine dust in the light beam. Arrange two Lion's Mane specimens (Hericium erinaceus), white cushions of long hanging spines with no cap, no gills and no stem, in a wider set with more negative space sparsely in the mid-ground, softly out of focus. Light it like a spirits campaign: matte, muted natural colour, extremely sharp on the bottle, medium-format look. Do not alter, redraw or re-letter the label. These are the only organisms permitted in the frame, and each must be rendered exactly as described. No other mushroom of any kind may appear - specifically no Amanita, no warted, spotted or red-and-white cap, no ring and no basal volva, no porcini, chanterelle, morel, parasol, shaggy ink cap, milkcap or fly agaric, and no small brown or yellow-green gilled toadstool of any sort. No insects, no fossils, no shells and no foliage beyond what is described above.","Photographic realism only - not an illustration, 3D render or CGI. Keep the palette in muted natural greens, ambers and near-blacks with no purple, magenta, rainbow or neon cast, and no teal-and-orange grade. Apart from the product's own printed label, which must be reproduced exactly as it appears in the reference image, the frame must contain no added text, watermark, signature or logo, and no borders, frames, vignette or interface elements. Nothing medical: no pills, capsules, syringes, medical crosses, lab coats, clinical laboratory or hospital settings, stethoscopes, anatomical diagrams or glowing organs. No people, faces or hands. Anatomy must be correct with no duplicated or deformed specimens, no extra stems and no impossible growth. Avoid a generic stock-photograph look."
"product-lions-mane-mushroom-tincture-50ml-macro.jpg","product","4:5","4K","product lions-mane-mushroom-tincture-50ml - gallery image 2","A drop of Lions Mane Mushroom Tincture (50ml) tincture falling from a glass dropper.","Photograph, in extreme macro, a single drop of amber tincture falling from a glass dropper pipette against a near-black background. Catch the drop mid-fall and render it sharp, with internal refraction and a warm specular highlight, fine mist and dust in the beam. Shoot it with a high-speed capture look, premium and editorial, with no bottle label visible in frame.","Photographic realism only - not an illustration, 3D render or CGI. Keep the palette in muted natural greens, ambers and near-blacks with no purple, magenta, rainbow or neon cast, and no teal-and-orange grade. The frame must contain no text, lettering, watermark, signature, logo, packaging or label, no borders, frames or vignette, and no interface elements. Nothing medical: no pills, capsules, syringes, medical crosses, lab coats, clinical laboratory or hospital settings, stethoscopes, anatomical diagrams or glowing organs. No people, faces or hands. Anatomy must be correct with no duplicated or deformed specimens, no extra stems and no impossible growth. Avoid a generic stock-photograph look."
"product-lions-mane-mushroom-tincture-50ml-scene.jpg","product","4:5","4K","product lions-mane-mushroom-tincture-50ml - gallery image 3","Lions Mane Mushroom Tincture (50ml) bottle staged with its botanical.","Restage the amber glass dropper bottle from the reference image, preserving its exact label artwork, cap type, glass colour and proportions, as a premium product still life. Place it at a three-quarter angle standing on wet dark slate, lit by a single soft key at 45 degrees from camera left with a cool rim light raking the glass shoulder, against a near-black #0B0E0C background falling to pure shadow, with warm amber transmission through the glass and fine dust in the light beam. Arrange two Lion's Mane specimens (Hericium erinaceus), white cushions of long hanging spines with no cap, no gills and no stem, in a wider set with more negative space sparsely in the mid-ground, softly out of focus. Light it like a spirits campaign: matte, muted natural colour, extremely sharp on the bottle, medium-format look. Do not alter, redraw or re-letter the label. These are the only organisms permitted in the frame, and each must be rendered exactly as described. No other mushroom of any kind may appear - specifically no Amanita, no warted, spotted or red-and-white cap, no ring and no basal volva, no porcini, chanterelle, morel, parasol, shaggy ink cap, milkcap or fly agaric, and no small brown or yellow-green gilled toadstool of any sort. No insects, no fossils, no shells and no foliage beyond what is described above. Compose wider, giving the botanical material more of the frame than the bottle.","Photographic realism only - not an illustration, 3D render or CGI. Keep the palette in muted natural greens, ambers and near-blacks with no purple, magenta, rainbow or neon cast, and no teal-and-orange grade. Apart from the product's own printed label, which must be reproduced exactly as it appears in the reference image, the frame must contain no added text, watermark, signature or logo, and no borders, frames, vignette or interface elements. Nothing medical: no pills, capsules, syringes, medical crosses, lab coats, clinical laboratory or hospital settings, stethoscopes, anatomical diagrams or glowing organs. No people, faces or hands. Anatomy must be correct with no duplicated or deformed specimens, no extra stems and no impossible growth. Avoid a generic stock-photograph look."
"product-lions-mane-mushroom-elixir-combo-50ml-30ml.jpg","product","4:5","4K","product lions-mane-mushroom-elixir-combo-50ml-30ml - gallery image 1","Amber dropper bottle of Lions Mane Mushroom Elixir Combo (50ml+30ml) on dark slate.","Restage the amber glass dropper bottle from the reference image, preserving its exact label artwork, cap type, glass colour and proportions, as a premium product still life. Place it at a three-quarter angle standing on wet dark slate, lit by a single soft key at 45 degrees from camera left with a cool rim light raking the glass shoulder, against a near-black #0B0E0C background falling to pure shadow, with warm amber transmission through the glass and fine dust in the light beam. Arrange both bottles side by side, 50 ml and 30 ml, with a Lion's Mane specimen behind sparsely in the mid-ground, softly out of focus. Light it like a spirits campaign: matte, muted natural colour, extremely sharp on the bottle, medium-format look. Do not alter, redraw or re-letter the label.","Photographic realism only - not an illustration, 3D render or CGI. Keep the palette in muted natural greens, ambers and near-blacks with no purple, magenta, rainbow or neon cast, and no teal-and-orange grade. Apart from the product's own printed label, which must be reproduced exactly as it appears in the reference image, the frame must contain no added text, watermark, signature or logo, and no borders, frames, vignette or interface elements. Nothing medical: no pills, capsules, syringes, medical crosses, lab coats, clinical laboratory or hospital settings, stethoscopes, anatomical diagrams or glowing organs. No people, faces or hands. Anatomy must be correct with no duplicated or deformed specimens, no extra stems and no impossible growth. Avoid a generic stock-photograph look."
"product-lions-mane-mushroom-elixir-combo-50ml-30ml-macro.jpg","product","4:5","4K","product lions-mane-mushroom-elixir-combo-50ml-30ml - gallery image 2","A drop of Lions Mane Mushroom Elixir Combo (50ml+30ml) tincture falling from a glass dropper.","Photograph, in extreme macro, a single drop of amber tincture falling from a glass dropper pipette against a near-black background. Catch the drop mid-fall and render it sharp, with internal refraction and a warm specular highlight, fine mist and dust in the beam. Shoot it with a high-speed capture look, premium and editorial, with no bottle label visible in frame.","Photographic realism only - not an illustration, 3D render or CGI. Keep the palette in muted natural greens, ambers and near-blacks with no purple, magenta, rainbow or neon cast, and no teal-and-orange grade. The frame must contain no text, lettering, watermark, signature, logo, packaging or label, no borders, frames or vignette, and no interface elements. Nothing medical: no pills, capsules, syringes, medical crosses, lab coats, clinical laboratory or hospital settings, stethoscopes, anatomical diagrams or glowing organs. No people, faces or hands. Anatomy must be correct with no duplicated or deformed specimens, no extra stems and no impossible growth. Avoid a generic stock-photograph look."
"product-lions-mane-mushroom-elixir-combo-50ml-30ml-scene.jpg","product","4:5","4K","product lions-mane-mushroom-elixir-combo-50ml-30ml - gallery image 3","Lions Mane Mushroom Elixir Combo (50ml+30ml) bottle staged with its botanical.","Restage the amber glass dropper bottle from the reference image, preserving its exact label artwork, cap type, glass colour and proportions, as a premium product still life. Place it at a three-quarter angle standing on wet dark slate, lit by a single soft key at 45 degrees from camera left with a cool rim light raking the glass shoulder, against a near-black #0B0E0C background falling to pure shadow, with warm amber transmission through the glass and fine dust in the light beam. Arrange both bottles side by side, 50 ml and 30 ml, with a Lion's Mane specimen behind sparsely in the mid-ground, softly out of focus. Light it like a spirits campaign: matte, muted natural colour, extremely sharp on the bottle, medium-format look. Do not alter, redraw or re-letter the label. Compose wider, giving the botanical material more of the frame than the bottle.","Photographic realism only - not an illustration, 3D render or CGI. Keep the palette in muted natural greens, ambers and near-blacks with no purple, magenta, rainbow or neon cast, and no teal-and-orange grade. Apart from the product's own printed label, which must be reproduced exactly as it appears in the reference image, the frame must contain no added text, watermark, signature or logo, and no borders, frames, vignette or interface elements. Nothing medical: no pills, capsules, syringes, medical crosses, lab coats, clinical laboratory or hospital settings, stethoscopes, anatomical diagrams or glowing organs. No people, faces or hands. Anatomy must be correct with no duplicated or deformed specimens, no extra stems and no impossible growth. Avoid a generic stock-photograph look."
"product-reishi-mushroom-tincture-30ml.jpg","product","4:5","4K","product reishi-mushroom-tincture-30ml - gallery image 1","Amber dropper bottle of Reishi Mushroom Tincture (30ml) on dark slate.","Restage the amber glass dropper bottle from the reference image, preserving its exact label artwork, cap type, glass colour and proportions, as a premium product still life. Place it at a three-quarter angle standing on wet dark slate, lit by a single soft key at 45 degrees from camera left with a cool rim light raking the glass shoulder, against a near-black #0B0E0C background falling to pure shadow, with warm amber transmission through the glass and fine dust in the light beam. Arrange a varnished red-brown reishi bracket and dark bark sparsely in the mid-ground, softly out of focus. Light it like a spirits campaign: matte, muted natural colour, extremely sharp on the bottle, medium-format look. Do not alter, redraw or re-letter the label.","Photographic realism only - not an illustration, 3D render or CGI. Keep the palette in muted natural greens, ambers and near-blacks with no purple, magenta, rainbow or neon cast, and no teal-and-orange grade. Apart from the product's own printed label, which must be reproduced exactly as it appears in the reference image, the frame must contain no added text, watermark, signature or logo, and no borders, frames, vignette or interface elements. Nothing medical: no pills, capsules, syringes, medical crosses, lab coats, clinical laboratory or hospital settings, stethoscopes, anatomical diagrams or glowing organs. No people, faces or hands. Anatomy must be correct with no duplicated or deformed specimens, no extra stems and no impossible growth. Avoid a generic stock-photograph look."
"product-reishi-mushroom-tincture-30ml-macro.jpg","product","4:5","4K","product reishi-mushroom-tincture-30ml - gallery image 2","A drop of Reishi Mushroom Tincture (30ml) tincture falling from a glass dropper.","Photograph, in extreme macro, a single drop of deep brown tincture falling from a glass dropper pipette against a near-black background. Catch the drop mid-fall and render it sharp, with internal refraction and a warm specular highlight, fine mist and dust in the beam. Shoot it with a high-speed capture look, premium and editorial, with no bottle label visible in frame.","Photographic realism only - not an illustration, 3D render or CGI. Keep the palette in muted natural greens, ambers and near-blacks with no purple, magenta, rainbow or neon cast, and no teal-and-orange grade. The frame must contain no text, lettering, watermark, signature, logo, packaging or label, no borders, frames or vignette, and no interface elements. Nothing medical: no pills, capsules, syringes, medical crosses, lab coats, clinical laboratory or hospital settings, stethoscopes, anatomical diagrams or glowing organs. No people, faces or hands. Anatomy must be correct with no duplicated or deformed specimens, no extra stems and no impossible growth. Avoid a generic stock-photograph look."
"product-reishi-mushroom-tincture-30ml-scene.jpg","product","4:5","4K","product reishi-mushroom-tincture-30ml - gallery image 3","Reishi Mushroom Tincture (30ml) bottle staged with its botanical.","Restage the amber glass dropper bottle from the reference image, preserving its exact label artwork, cap type, glass colour and proportions, as a premium product still life. Place it at a three-quarter angle standing on wet dark slate, lit by a single soft key at 45 degrees from camera left with a cool rim light raking the glass shoulder, against a near-black #0B0E0C background falling to pure shadow, with warm amber transmission through the glass and fine dust in the light beam. Arrange a varnished red-brown reishi bracket and dark bark sparsely in the mid-ground, softly out of focus. Light it like a spirits campaign: matte, muted natural colour, extremely sharp on the bottle, medium-format look. Do not alter, redraw or re-letter the label. Compose wider, giving the botanical material more of the frame than the bottle.","Photographic realism only - not an illustration, 3D render or CGI. Keep the palette in muted natural greens, ambers and near-blacks with no purple, magenta, rainbow or neon cast, and no teal-and-orange grade. Apart from the product's own printed label, which must be reproduced exactly as it appears in the reference image, the frame must contain no added text, watermark, signature or logo, and no borders, frames, vignette or interface elements. Nothing medical: no pills, capsules, syringes, medical crosses, lab coats, clinical laboratory or hospital settings, stethoscopes, anatomical diagrams or glowing organs. No people, faces or hands. Anatomy must be correct with no duplicated or deformed specimens, no extra stems and no impossible growth. Avoid a generic stock-photograph look."
"product-reishi-mushroom-elixir-combo-50ml-30ml.jpg","product","4:5","4K","product reishi-mushroom-elixir-combo-50ml-30ml - gallery image 1","Amber dropper bottle of Reishi Mushroom Elixir Combo (50ml+30ml) on dark slate.","Restage the amber glass dropper bottle from the reference image, preserving its exact label artwork, cap type, glass colour and proportions, as a premium product still life. Place it at a three-quarter angle standing on wet dark slate, lit by a single soft key at 45 degrees from camera left with a cool rim light raking the glass shoulder, against a near-black #0B0E0C background falling to pure shadow, with warm amber transmission through the glass and fine dust in the light beam. Arrange both bottles side by side with a reishi bracket propped behind sparsely in the mid-ground, softly out of focus. Light it like a spirits campaign: matte, muted natural colour, extremely sharp on the bottle, medium-format look. Do not alter, redraw or re-letter the label.","Photographic realism only - not an illustration, 3D render or CGI. Keep the palette in muted natural greens, ambers and near-blacks with no purple, magenta, rainbow or neon cast, and no teal-and-orange grade. Apart from the product's own printed label, which must be reproduced exactly as it appears in the reference image, the frame must contain no added text, watermark, signature or logo, and no borders, frames, vignette or interface elements. Nothing medical: no pills, capsules, syringes, medical crosses, lab coats, clinical laboratory or hospital settings, stethoscopes, anatomical diagrams or glowing organs. No people, faces or hands. Anatomy must be correct with no duplicated or deformed specimens, no extra stems and no impossible growth. Avoid a generic stock-photograph look."
"product-reishi-mushroom-elixir-combo-50ml-30ml-macro.jpg","product","4:5","4K","product reishi-mushroom-elixir-combo-50ml-30ml - gallery image 2","A drop of Reishi Mushroom Elixir Combo (50ml+30ml) tincture falling from a glass dropper.","Photograph, in extreme macro, a single drop of deep brown tincture falling from a glass dropper pipette against a near-black background. Catch the drop mid-fall and render it sharp, with internal refraction and a warm specular highlight, fine mist and dust in the beam. Shoot it with a high-speed capture look, premium and editorial, with no bottle label visible in frame.","Photographic realism only - not an illustration, 3D render or CGI. Keep the palette in muted natural greens, ambers and near-blacks with no purple, magenta, rainbow or neon cast, and no teal-and-orange grade. The frame must contain no text, lettering, watermark, signature, logo, packaging or label, no borders, frames or vignette, and no interface elements. Nothing medical: no pills, capsules, syringes, medical crosses, lab coats, clinical laboratory or hospital settings, stethoscopes, anatomical diagrams or glowing organs. No people, faces or hands. Anatomy must be correct with no duplicated or deformed specimens, no extra stems and no impossible growth. Avoid a generic stock-photograph look."
"product-reishi-mushroom-elixir-combo-50ml-30ml-scene.jpg","product","4:5","4K","product reishi-mushroom-elixir-combo-50ml-30ml - gallery image 3","Reishi Mushroom Elixir Combo (50ml+30ml) bottle staged with its botanical.","Restage the amber glass dropper bottle from the reference image, preserving its exact label artwork, cap type, glass colour and proportions, as a premium product still life. Place it at a three-quarter angle standing on wet dark slate, lit by a single soft key at 45 degrees from camera left with a cool rim light raking the glass shoulder, against a near-black #0B0E0C background falling to pure shadow, with warm amber transmission through the glass and fine dust in the light beam. Arrange both bottles side by side with a reishi bracket propped behind sparsely in the mid-ground, softly out of focus. Light it like a spirits campaign: matte, muted natural colour, extremely sharp on the bottle, medium-format look. Do not alter, redraw or re-letter the label. Compose wider, giving the botanical material more of the frame than the bottle.","Photographic realism only - not an illustration, 3D render or CGI. Keep the palette in muted natural greens, ambers and near-blacks with no purple, magenta, rainbow or neon cast, and no teal-and-orange grade. Apart from the product's own printed label, which must be reproduced exactly as it appears in the reference image, the frame must contain no added text, watermark, signature or logo, and no borders, frames, vignette or interface elements. Nothing medical: no pills, capsules, syringes, medical crosses, lab coats, clinical laboratory or hospital settings, stethoscopes, anatomical diagrams or glowing organs. No people, faces or hands. Anatomy must be correct with no duplicated or deformed specimens, no extra stems and no impossible growth. Avoid a generic stock-photograph look."
"product-chaga-mushroom-tincture-30ml.jpg","product","4:5","4K","product chaga-mushroom-tincture-30ml - gallery image 1","Amber dropper bottle of Chaga Mushroom Tincture (30ml) on dark slate.","Restage the amber glass dropper bottle from the reference image, preserving its exact label artwork, cap type, glass colour and proportions, as a premium product still life. Place it at a three-quarter angle standing on wet dark slate, lit by a single soft key at 45 degrees from camera left with a cool rim light raking the glass shoulder, against a near-black #0B0E0C background falling to pure shadow, with warm amber transmission through the glass and fine dust in the light beam. Arrange a chunk of black cracked chaga conk and a curl of birch bark sparsely in the mid-ground, softly out of focus. Light it like a spirits campaign: matte, muted natural colour, extremely sharp on the bottle, medium-format look. Do not alter, redraw or re-letter the label.","Photographic realism only - not an illustration, 3D render or CGI. Keep the palette in muted natural greens, ambers and near-blacks with no purple, magenta, rainbow or neon cast, and no teal-and-orange grade. Apart from the product's own printed label, which must be reproduced exactly as it appears in the reference image, the frame must contain no added text, watermark, signature or logo, and no borders, frames, vignette or interface elements. Nothing medical: no pills, capsules, syringes, medical crosses, lab coats, clinical laboratory or hospital settings, stethoscopes, anatomical diagrams or glowing organs. No people, faces or hands. Anatomy must be correct with no duplicated or deformed specimens, no extra stems and no impossible growth. Avoid a generic stock-photograph look."
"product-chaga-mushroom-tincture-30ml-macro.jpg","product","4:5","4K","product chaga-mushroom-tincture-30ml - gallery image 2","A drop of Chaga Mushroom Tincture (30ml) tincture falling from a glass dropper.","Photograph, in extreme macro, a single drop of deep brown tincture falling from a glass dropper pipette against a near-black background. Catch the drop mid-fall and render it sharp, with internal refraction and a warm specular highlight, fine mist and dust in the beam. Shoot it with a high-speed capture look, premium and editorial, with no bottle label visible in frame.","Photographic realism only - not an illustration, 3D render or CGI. Keep the palette in muted natural greens, ambers and near-blacks with no purple, magenta, rainbow or neon cast, and no teal-and-orange grade. The frame must contain no text, lettering, watermark, signature, logo, packaging or label, no borders, frames or vignette, and no interface elements. Nothing medical: no pills, capsules, syringes, medical crosses, lab coats, clinical laboratory or hospital settings, stethoscopes, anatomical diagrams or glowing organs. No people, faces or hands. Anatomy must be correct with no duplicated or deformed specimens, no extra stems and no impossible growth. Avoid a generic stock-photograph look."
"product-chaga-mushroom-tincture-30ml-scene.jpg","product","4:5","4K","product chaga-mushroom-tincture-30ml - gallery image 3","Chaga Mushroom Tincture (30ml) bottle staged with its botanical.","Restage the amber glass dropper bottle from the reference image, preserving its exact label artwork, cap type, glass colour and proportions, as a premium product still life. Place it at a three-quarter angle standing on wet dark slate, lit by a single soft key at 45 degrees from camera left with a cool rim light raking the glass shoulder, against a near-black #0B0E0C background falling to pure shadow, with warm amber transmission through the glass and fine dust in the light beam. Arrange a chunk of black cracked chaga conk and a curl of birch bark sparsely in the mid-ground, softly out of focus. Light it like a spirits campaign: matte, muted natural colour, extremely sharp on the bottle, medium-format look. Do not alter, redraw or re-letter the label. Compose wider, giving the botanical material more of the frame than the bottle.","Photographic realism only - not an illustration, 3D render or CGI. Keep the palette in muted natural greens, ambers and near-blacks with no purple, magenta, rainbow or neon cast, and no teal-and-orange grade. Apart from the product's own printed label, which must be reproduced exactly as it appears in the reference image, the frame must contain no added text, watermark, signature or logo, and no borders, frames, vignette or interface elements. Nothing medical: no pills, capsules, syringes, medical crosses, lab coats, clinical laboratory or hospital settings, stethoscopes, anatomical diagrams or glowing organs. No people, faces or hands. Anatomy must be correct with no duplicated or deformed specimens, no extra stems and no impossible growth. Avoid a generic stock-photograph look."
"product-chaga-mushroom-elixir-combo-50ml-30ml.jpg","product","4:5","4K","product chaga-mushroom-elixir-combo-50ml-30ml - gallery image 1","Amber dropper bottle of Chaga Mushroom Elixir Combo (50ml+30ml) on dark slate.","Restage the amber glass dropper bottle from the reference image, preserving its exact label artwork, cap type, glass colour and proportions, as a premium product still life. Place it at a three-quarter angle standing on wet dark slate, lit by a single soft key at 45 degrees from camera left with a cool rim light raking the glass shoulder, against a near-black #0B0E0C background falling to pure shadow, with warm amber transmission through the glass and fine dust in the light beam. Arrange both bottles side by side with a chaga chunk and birch bark sparsely in the mid-ground, softly out of focus. Light it like a spirits campaign: matte, muted natural colour, extremely sharp on the bottle, medium-format look. Do not alter, redraw or re-letter the label.","Photographic realism only - not an illustration, 3D render or CGI. Keep the palette in muted natural greens, ambers and near-blacks with no purple, magenta, rainbow or neon cast, and no teal-and-orange grade. Apart from the product's own printed label, which must be reproduced exactly as it appears in the reference image, the frame must contain no added text, watermark, signature or logo, and no borders, frames, vignette or interface elements. Nothing medical: no pills, capsules, syringes, medical crosses, lab coats, clinical laboratory or hospital settings, stethoscopes, anatomical diagrams or glowing organs. No people, faces or hands. Anatomy must be correct with no duplicated or deformed specimens, no extra stems and no impossible growth. Avoid a generic stock-photograph look."
"product-chaga-mushroom-elixir-combo-50ml-30ml-macro.jpg","product","4:5","4K","product chaga-mushroom-elixir-combo-50ml-30ml - gallery image 2","A drop of Chaga Mushroom Elixir Combo (50ml+30ml) tincture falling from a glass dropper.","Photograph, in extreme macro, a single drop of deep brown tincture falling from a glass dropper pipette against a near-black background. Catch the drop mid-fall and render it sharp, with internal refraction and a warm specular highlight, fine mist and dust in the beam. Shoot it with a high-speed capture look, premium and editorial, with no bottle label visible in frame.","Photographic realism only - not an illustration, 3D render or CGI. Keep the palette in muted natural greens, ambers and near-blacks with no purple, magenta, rainbow or neon cast, and no teal-and-orange grade. The frame must contain no text, lettering, watermark, signature, logo, packaging or label, no borders, frames or vignette, and no interface elements. Nothing medical: no pills, capsules, syringes, medical crosses, lab coats, clinical laboratory or hospital settings, stethoscopes, anatomical diagrams or glowing organs. No people, faces or hands. Anatomy must be correct with no duplicated or deformed specimens, no extra stems and no impossible growth. Avoid a generic stock-photograph look."
"product-chaga-mushroom-elixir-combo-50ml-30ml-scene.jpg","product","4:5","4K","product chaga-mushroom-elixir-combo-50ml-30ml - gallery image 3","Chaga Mushroom Elixir Combo (50ml+30ml) bottle staged with its botanical.","Restage the amber glass dropper bottle from the reference image, preserving its exact label artwork, cap type, glass colour and proportions, as a premium product still life. Place it at a three-quarter angle standing on wet dark slate, lit by a single soft key at 45 degrees from camera left with a cool rim light raking the glass shoulder, against a near-black #0B0E0C background falling to pure shadow, with warm amber transmission through the glass and fine dust in the light beam. Arrange both bottles side by side with a chaga chunk and birch bark sparsely in the mid-ground, softly out of focus. Light it like a spirits campaign: matte, muted natural colour, extremely sharp on the bottle, medium-format look. Do not alter, redraw or re-letter the label. Compose wider, giving the botanical material more of the frame than the bottle.","Photographic realism only - not an illustration, 3D render or CGI. Keep the palette in muted natural greens, ambers and near-blacks with no purple, magenta, rainbow or neon cast, and no teal-and-orange grade. Apart from the product's own printed label, which must be reproduced exactly as it appears in the reference image, the frame must contain no added text, watermark, signature or logo, and no borders, frames, vignette or interface elements. Nothing medical: no pills, capsules, syringes, medical crosses, lab coats, clinical laboratory or hospital settings, stethoscopes, anatomical diagrams or glowing organs. No people, faces or hands. Anatomy must be correct with no duplicated or deformed specimens, no extra stems and no impossible growth. Avoid a generic stock-photograph look."
"product-cordyceps-mushroom-tincture-30ml.jpg","product","4:5","4K","product cordyceps-mushroom-tincture-30ml - gallery image 1","Amber dropper bottle of Cordyceps Mushroom Tincture (30ml) on dark slate.","Restage the amber glass dropper bottle from the reference image, preserving its exact label artwork, cap type, glass colour and proportions, as a premium product still life. Place it at a three-quarter angle standing on wet dark slate, lit by a single soft key at 45 degrees from camera left with a cool rim light raking the glass shoulder, against a near-black #0B0E0C background falling to pure shadow, with warm amber transmission through the glass and fine dust in the light beam. Arrange a small cluster of orange cordyceps clubs sparsely in the mid-ground, softly out of focus. Light it like a spirits campaign: matte, muted natural colour, extremely sharp on the bottle, medium-format look. Do not alter, redraw or re-letter the label.","Photographic realism only - not an illustration, 3D render or CGI. Keep the palette in muted natural greens, ambers and near-blacks with no purple, magenta, rainbow or neon cast, and no teal-and-orange grade. Apart from the product's own printed label, which must be reproduced exactly as it appears in the reference image, the frame must contain no added text, watermark, signature or logo, and no borders, frames, vignette or interface elements. Nothing medical: no pills, capsules, syringes, medical crosses, lab coats, clinical laboratory or hospital settings, stethoscopes, anatomical diagrams or glowing organs. No people, faces or hands. Anatomy must be correct with no duplicated or deformed specimens, no extra stems and no impossible growth. Avoid a generic stock-photograph look."
"product-cordyceps-mushroom-tincture-30ml-macro.jpg","product","4:5","4K","product cordyceps-mushroom-tincture-30ml - gallery image 2","A drop of Cordyceps Mushroom Tincture (30ml) tincture falling from a glass dropper.","Photograph, in extreme macro, a single drop of golden tincture falling from a glass dropper pipette against a near-black background. Catch the drop mid-fall and render it sharp, with internal refraction and a warm specular highlight, fine mist and dust in the beam. Shoot it with a high-speed capture look, premium and editorial, with no bottle label visible in frame.","Photographic realism only - not an illustration, 3D render or CGI. Keep the palette in muted natural greens, ambers and near-blacks with no purple, magenta, rainbow or neon cast, and no teal-and-orange grade. The frame must contain no text, lettering, watermark, signature, logo, packaging or label, no borders, frames or vignette, and no interface elements. Nothing medical: no pills, capsules, syringes, medical crosses, lab coats, clinical laboratory or hospital settings, stethoscopes, anatomical diagrams or glowing organs. No people, faces or hands. Anatomy must be correct with no duplicated or deformed specimens, no extra stems and no impossible growth. Avoid a generic stock-photograph look."
"product-cordyceps-mushroom-tincture-30ml-scene.jpg","product","4:5","4K","product cordyceps-mushroom-tincture-30ml - gallery image 3","Cordyceps Mushroom Tincture (30ml) bottle staged with its botanical.","Restage the amber glass dropper bottle from the reference image, preserving its exact label artwork, cap type, glass colour and proportions, as a premium product still life. Place it at a three-quarter angle standing on wet dark slate, lit by a single soft key at 45 degrees from camera left with a cool rim light raking the glass shoulder, against a near-black #0B0E0C background falling to pure shadow, with warm amber transmission through the glass and fine dust in the light beam. Arrange a small cluster of orange cordyceps clubs sparsely in the mid-ground, softly out of focus. Light it like a spirits campaign: matte, muted natural colour, extremely sharp on the bottle, medium-format look. Do not alter, redraw or re-letter the label. Compose wider, giving the botanical material more of the frame than the bottle.","Photographic realism only - not an illustration, 3D render or CGI. Keep the palette in muted natural greens, ambers and near-blacks with no purple, magenta, rainbow or neon cast, and no teal-and-orange grade. Apart from the product's own printed label, which must be reproduced exactly as it appears in the reference image, the frame must contain no added text, watermark, signature or logo, and no borders, frames, vignette or interface elements. Nothing medical: no pills, capsules, syringes, medical crosses, lab coats, clinical laboratory or hospital settings, stethoscopes, anatomical diagrams or glowing organs. No people, faces or hands. Anatomy must be correct with no duplicated or deformed specimens, no extra stems and no impossible growth. Avoid a generic stock-photograph look."
"product-cordyceps-mushroom-elixir-combo-50ml-30ml.jpg","product","4:5","4K","product cordyceps-mushroom-elixir-combo-50ml-30ml - gallery image 1","Amber dropper bottle of Cordyceps Mushroom Elixir Combo (50ml+30ml) on dark slate.","Restage the amber glass dropper bottle from the reference image, preserving its exact label artwork, cap type, glass colour and proportions, as a premium product still life. Place it at a three-quarter angle standing on wet dark slate, lit by a single soft key at 45 degrees from camera left with a cool rim light raking the glass shoulder, against a near-black #0B0E0C background falling to pure shadow, with warm amber transmission through the glass and fine dust in the light beam. Arrange both bottles side by side with orange cordyceps clubs low at the left sparsely in the mid-ground, softly out of focus. Light it like a spirits campaign: matte, muted natural colour, extremely sharp on the bottle, medium-format look. Do not alter, redraw or re-letter the label.","Photographic realism only - not an illustration, 3D render or CGI. Keep the palette in muted natural greens, ambers and near-blacks with no purple, magenta, rainbow or neon cast, and no teal-and-orange grade. Apart from the product's own printed label, which must be reproduced exactly as it appears in the reference image, the frame must contain no added text, watermark, signature or logo, and no borders, frames, vignette or interface elements. Nothing medical: no pills, capsules, syringes, medical crosses, lab coats, clinical laboratory or hospital settings, stethoscopes, anatomical diagrams or glowing organs. No people, faces or hands. Anatomy must be correct with no duplicated or deformed specimens, no extra stems and no impossible growth. Avoid a generic stock-photograph look."
"product-cordyceps-mushroom-elixir-combo-50ml-30ml-macro.jpg","product","4:5","4K","product cordyceps-mushroom-elixir-combo-50ml-30ml - gallery image 2","A drop of Cordyceps Mushroom Elixir Combo (50ml+30ml) tincture falling from a glass dropper.","Photograph, in extreme macro, a single drop of golden tincture falling from a glass dropper pipette against a near-black background. Catch the drop mid-fall and render it sharp, with internal refraction and a warm specular highlight, fine mist and dust in the beam. Shoot it with a high-speed capture look, premium and editorial, with no bottle label visible in frame.","Photographic realism only - not an illustration, 3D render or CGI. Keep the palette in muted natural greens, ambers and near-blacks with no purple, magenta, rainbow or neon cast, and no teal-and-orange grade. The frame must contain no text, lettering, watermark, signature, logo, packaging or label, no borders, frames or vignette, and no interface elements. Nothing medical: no pills, capsules, syringes, medical crosses, lab coats, clinical laboratory or hospital settings, stethoscopes, anatomical diagrams or glowing organs. No people, faces or hands. Anatomy must be correct with no duplicated or deformed specimens, no extra stems and no impossible growth. Avoid a generic stock-photograph look."
"product-cordyceps-mushroom-elixir-combo-50ml-30ml-scene.jpg","product","4:5","4K","product cordyceps-mushroom-elixir-combo-50ml-30ml - gallery image 3","Cordyceps Mushroom Elixir Combo (50ml+30ml) bottle staged with its botanical.","Restage the amber glass dropper bottle from the reference image, preserving its exact label artwork, cap type, glass colour and proportions, as a premium product still life. Place it at a three-quarter angle standing on wet dark slate, lit by a single soft key at 45 degrees from camera left with a cool rim light raking the glass shoulder, against a near-black #0B0E0C background falling to pure shadow, with warm amber transmission through the glass and fine dust in the light beam. Arrange both bottles side by side with orange cordyceps clubs low at the left sparsely in the mid-ground, softly out of focus. Light it like a spirits campaign: matte, muted natural colour, extremely sharp on the bottle, medium-format look. Do not alter, redraw or re-letter the label. Compose wider, giving the botanical material more of the frame than the bottle.","Photographic realism only - not an illustration, 3D render or CGI. Keep the palette in muted natural greens, ambers and near-blacks with no purple, magenta, rainbow or neon cast, and no teal-and-orange grade. Apart from the product's own printed label, which must be reproduced exactly as it appears in the reference image, the frame must contain no added text, watermark, signature or logo, and no borders, frames, vignette or interface elements. Nothing medical: no pills, capsules, syringes, medical crosses, lab coats, clinical laboratory or hospital settings, stethoscopes, anatomical diagrams or glowing organs. No people, faces or hands. Anatomy must be correct with no duplicated or deformed specimens, no extra stems and no impossible growth. Avoid a generic stock-photograph look."
"product-turkey-tail-mushroom-tincture-30ml.jpg","product","4:5","4K","product turkey-tail-mushroom-tincture-30ml - gallery image 1","Amber dropper bottle of Turkey Tail Mushroom Tincture (30ml) on dark slate.","Restage the amber glass dropper bottle from the reference image, preserving its exact label artwork, cap type, glass colour and proportions, as a premium product still life. Place it at a three-quarter angle standing on wet dark slate, lit by a single soft key at 45 degrees from camera left with a cool rim light raking the glass shoulder, against a near-black #0B0E0C background falling to pure shadow, with warm amber transmission through the glass and fine dust in the light beam. Arrange banded turkey tail brackets and a fallen leaf sparsely in the mid-ground, softly out of focus. Light it like a spirits campaign: matte, muted natural colour, extremely sharp on the bottle, medium-format look. Do not alter, redraw or re-letter the label.","Photographic realism only - not an illustration, 3D render or CGI. Keep the palette in muted natural greens, ambers and near-blacks with no purple, magenta, rainbow or neon cast, and no teal-and-orange grade. Apart from the product's own printed label, which must be reproduced exactly as it appears in the reference image, the frame must contain no added text, watermark, signature or logo, and no borders, frames, vignette or interface elements. Nothing medical: no pills, capsules, syringes, medical crosses, lab coats, clinical laboratory or hospital settings, stethoscopes, anatomical diagrams or glowing organs. No people, faces or hands. Anatomy must be correct with no duplicated or deformed specimens, no extra stems and no impossible growth. Avoid a generic stock-photograph look."
"product-turkey-tail-mushroom-tincture-30ml-macro.jpg","product","4:5","4K","product turkey-tail-mushroom-tincture-30ml - gallery image 2","A drop of Turkey Tail Mushroom Tincture (30ml) tincture falling from a glass dropper.","Photograph, in extreme macro, a single drop of amber tincture falling from a glass dropper pipette against a near-black background. Catch the drop mid-fall and render it sharp, with internal refraction and a warm specular highlight, fine mist and dust in the beam. Shoot it with a high-speed capture look, premium and editorial, with no bottle label visible in frame.","Photographic realism only - not an illustration, 3D render or CGI. Keep the palette in muted natural greens, ambers and near-blacks with no purple, magenta, rainbow or neon cast, and no teal-and-orange grade. The frame must contain no text, lettering, watermark, signature, logo, packaging or label, no borders, frames or vignette, and no interface elements. Nothing medical: no pills, capsules, syringes, medical crosses, lab coats, clinical laboratory or hospital settings, stethoscopes, anatomical diagrams or glowing organs. No people, faces or hands. Anatomy must be correct with no duplicated or deformed specimens, no extra stems and no impossible growth. Avoid a generic stock-photograph look."
"product-turkey-tail-mushroom-tincture-30ml-scene.jpg","product","4:5","4K","product turkey-tail-mushroom-tincture-30ml - gallery image 3","Turkey Tail Mushroom Tincture (30ml) bottle staged with its botanical.","Restage the amber glass dropper bottle from the reference image, preserving its exact label artwork, cap type, glass colour and proportions, as a premium product still life. Place it at a three-quarter angle standing on wet dark slate, lit by a single soft key at 45 degrees from camera left with a cool rim light raking the glass shoulder, against a near-black #0B0E0C background falling to pure shadow, with warm amber transmission through the glass and fine dust in the light beam. Arrange banded turkey tail brackets and a fallen leaf sparsely in the mid-ground, softly out of focus. Light it like a spirits campaign: matte, muted natural colour, extremely sharp on the bottle, medium-format look. Do not alter, redraw or re-letter the label. Compose wider, giving the botanical material more of the frame than the bottle.","Photographic realism only - not an illustration, 3D render or CGI. Keep the palette in muted natural greens, ambers and near-blacks with no purple, magenta, rainbow or neon cast, and no teal-and-orange grade. Apart from the product's own printed label, which must be reproduced exactly as it appears in the reference image, the frame must contain no added text, watermark, signature or logo, and no borders, frames, vignette or interface elements. Nothing medical: no pills, capsules, syringes, medical crosses, lab coats, clinical laboratory or hospital settings, stethoscopes, anatomical diagrams or glowing organs. No people, faces or hands. Anatomy must be correct with no duplicated or deformed specimens, no extra stems and no impossible growth. Avoid a generic stock-photograph look."
"product-turkey-tail-mushroom-elixir-combo-50ml-30ml.jpg","product","4:5","4K","product turkey-tail-mushroom-elixir-combo-50ml-30ml - gallery image 1","Amber dropper bottle of Turkey Tail Mushroom Elixir Combo (50ml+30ml) on dark slate.","Restage the amber glass dropper bottle from the reference image, preserving its exact label artwork, cap type, glass colour and proportions, as a premium product still life. Place it at a three-quarter angle standing on wet dark slate, lit by a single soft key at 45 degrees from camera left with a cool rim light raking the glass shoulder, against a near-black #0B0E0C background falling to pure shadow, with warm amber transmission through the glass and fine dust in the light beam. Arrange both bottles side by side with a turkey tail rosette behind sparsely in the mid-ground, softly out of focus. Light it like a spirits campaign: matte, muted natural colour, extremely sharp on the bottle, medium-format look. Do not alter, redraw or re-letter the label.","Photographic realism only - not an illustration, 3D render or CGI. Keep the palette in muted natural greens, ambers and near-blacks with no purple, magenta, rainbow or neon cast, and no teal-and-orange grade. Apart from the product's own printed label, which must be reproduced exactly as it appears in the reference image, the frame must contain no added text, watermark, signature or logo, and no borders, frames, vignette or interface elements. Nothing medical: no pills, capsules, syringes, medical crosses, lab coats, clinical laboratory or hospital settings, stethoscopes, anatomical diagrams or glowing organs. No people, faces or hands. Anatomy must be correct with no duplicated or deformed specimens, no extra stems and no impossible growth. Avoid a generic stock-photograph look."
"product-turkey-tail-mushroom-elixir-combo-50ml-30ml-macro.jpg","product","4:5","4K","product turkey-tail-mushroom-elixir-combo-50ml-30ml - gallery image 2","A drop of Turkey Tail Mushroom Elixir Combo (50ml+30ml) tincture falling from a glass dropper.","Photograph, in extreme macro, a single drop of amber tincture falling from a glass dropper pipette against a near-black background. Catch the drop mid-fall and render it sharp, with internal refraction and a warm specular highlight, fine mist and dust in the beam. Shoot it with a high-speed capture look, premium and editorial, with no bottle label visible in frame.","Photographic realism only - not an illustration, 3D render or CGI. Keep the palette in muted natural greens, ambers and near-blacks with no purple, magenta, rainbow or neon cast, and no teal-and-orange grade. The frame must contain no text, lettering, watermark, signature, logo, packaging or label, no borders, frames or vignette, and no interface elements. Nothing medical: no pills, capsules, syringes, medical crosses, lab coats, clinical laboratory or hospital settings, stethoscopes, anatomical diagrams or glowing organs. No people, faces or hands. Anatomy must be correct with no duplicated or deformed specimens, no extra stems and no impossible growth. Avoid a generic stock-photograph look."
"product-turkey-tail-mushroom-elixir-combo-50ml-30ml-scene.jpg","product","4:5","4K","product turkey-tail-mushroom-elixir-combo-50ml-30ml - gallery image 3","Turkey Tail Mushroom Elixir Combo (50ml+30ml) bottle staged with its botanical.","Restage the amber glass dropper bottle from the reference image, preserving its exact label artwork, cap type, glass colour and proportions, as a premium product still life. Place it at a three-quarter angle standing on wet dark slate, lit by a single soft key at 45 degrees from camera left with a cool rim light raking the glass shoulder, against a near-black #0B0E0C background falling to pure shadow, with warm amber transmission through the glass and fine dust in the light beam. Arrange both bottles side by side with a turkey tail rosette behind sparsely in the mid-ground, softly out of focus. Light it like a spirits campaign: matte, muted natural colour, extremely sharp on the bottle, medium-format look. Do not alter, redraw or re-letter the label. Compose wider, giving the botanical material more of the frame than the bottle.","Photographic realism only - not an illustration, 3D render or CGI. Keep the palette in muted natural greens, ambers and near-blacks with no purple, magenta, rainbow or neon cast, and no teal-and-orange grade. Apart from the product's own printed label, which must be reproduced exactly as it appears in the reference image, the frame must contain no added text, watermark, signature or logo, and no borders, frames, vignette or interface elements. Nothing medical: no pills, capsules, syringes, medical crosses, lab coats, clinical laboratory or hospital settings, stethoscopes, anatomical diagrams or glowing organs. No people, faces or hands. Anatomy must be correct with no duplicated or deformed specimens, no extra stems and no impossible growth. Avoid a generic stock-photograph look."
"product-tremella-mushroom-tincture-30ml.jpg","product","4:5","4K","product tremella-mushroom-tincture-30ml - gallery image 1","Amber dropper bottle of Tremella Mushroom Tincture (30ml) on dark slate.","Restage the amber glass dropper bottle from the reference image, preserving its exact label artwork, cap type, glass colour and proportions, as a premium product still life. Place it at a three-quarter angle standing on wet dark slate, lit by a single soft key at 45 degrees from camera left with a cool rim light raking the glass shoulder, against a near-black #0B0E0C background falling to pure shadow, with warm amber transmission through the glass and fine dust in the light beam. Arrange translucent white tremella lobes, glistening sparsely in the mid-ground, softly out of focus. Light it like a spirits campaign: matte, muted natural colour, extremely sharp on the bottle, medium-format look. Do not alter, redraw or re-letter the label.","Photographic realism only - not an illustration, 3D render or CGI. Keep the palette in muted natural greens, ambers and near-blacks with no purple, magenta, rainbow or neon cast, and no teal-and-orange grade. Apart from the product's own printed label, which must be reproduced exactly as it appears in the reference image, the frame must contain no added text, watermark, signature or logo, and no borders, frames, vignette or interface elements. Nothing medical: no pills, capsules, syringes, medical crosses, lab coats, clinical laboratory or hospital settings, stethoscopes, anatomical diagrams or glowing organs. No people, faces or hands. Anatomy must be correct with no duplicated or deformed specimens, no extra stems and no impossible growth. Avoid a generic stock-photograph look."
"product-tremella-mushroom-tincture-30ml-macro.jpg","product","4:5","4K","product tremella-mushroom-tincture-30ml - gallery image 2","A drop of Tremella Mushroom Tincture (30ml) tincture falling from a glass dropper.","Photograph, in extreme macro, a single drop of pale golden tincture falling from a glass dropper pipette against a near-black background. Catch the drop mid-fall and render it sharp, with internal refraction and a warm specular highlight, fine mist and dust in the beam. Shoot it with a high-speed capture look, premium and editorial, with no bottle label visible in frame.","Photographic realism only - not an illustration, 3D render or CGI. Keep the palette in muted natural greens, ambers and near-blacks with no purple, magenta, rainbow or neon cast, and no teal-and-orange grade. The frame must contain no text, lettering, watermark, signature, logo, packaging or label, no borders, frames or vignette, and no interface elements. Nothing medical: no pills, capsules, syringes, medical crosses, lab coats, clinical laboratory or hospital settings, stethoscopes, anatomical diagrams or glowing organs. No people, faces or hands. Anatomy must be correct with no duplicated or deformed specimens, no extra stems and no impossible growth. Avoid a generic stock-photograph look."
"product-tremella-mushroom-tincture-30ml-scene.jpg","product","4:5","4K","product tremella-mushroom-tincture-30ml - gallery image 3","Tremella Mushroom Tincture (30ml) bottle staged with its botanical.","Restage the amber glass dropper bottle from the reference image, preserving its exact label artwork, cap type, glass colour and proportions, as a premium product still life. Place it at a three-quarter angle standing on wet dark slate, lit by a single soft key at 45 degrees from camera left with a cool rim light raking the glass shoulder, against a near-black #0B0E0C background falling to pure shadow, with warm amber transmission through the glass and fine dust in the light beam. Arrange translucent white tremella lobes, glistening sparsely in the mid-ground, softly out of focus. Light it like a spirits campaign: matte, muted natural colour, extremely sharp on the bottle, medium-format look. Do not alter, redraw or re-letter the label. Compose wider, giving the botanical material more of the frame than the bottle.","Photographic realism only - not an illustration, 3D render or CGI. Keep the palette in muted natural greens, ambers and near-blacks with no purple, magenta, rainbow or neon cast, and no teal-and-orange grade. Apart from the product's own printed label, which must be reproduced exactly as it appears in the reference image, the frame must contain no added text, watermark, signature or logo, and no borders, frames, vignette or interface elements. Nothing medical: no pills, capsules, syringes, medical crosses, lab coats, clinical laboratory or hospital settings, stethoscopes, anatomical diagrams or glowing organs. No people, faces or hands. Anatomy must be correct with no duplicated or deformed specimens, no extra stems and no impossible growth. Avoid a generic stock-photograph look."
"product-tremella-mushroom-elixir-combo-50ml-30ml.jpg","product","4:5","4K","product tremella-mushroom-elixir-combo-50ml-30ml - gallery image 1","Amber dropper bottle of Tremella Mushroom Elixir Combo (50ml+30ml) on dark slate.","Restage the amber glass dropper bottle from the reference image, preserving its exact label artwork, cap type, glass colour and proportions, as a premium product still life. Place it at a three-quarter angle standing on wet dark slate, lit by a single soft key at 45 degrees from camera left with a cool rim light raking the glass shoulder, against a near-black #0B0E0C background falling to pure shadow, with warm amber transmission through the glass and fine dust in the light beam. Arrange both bottles side by side with tremella lobes catching the rim light sparsely in the mid-ground, softly out of focus. Light it like a spirits campaign: matte, muted natural colour, extremely sharp on the bottle, medium-format look. Do not alter, redraw or re-letter the label.","Photographic realism only - not an illustration, 3D render or CGI. Keep the palette in muted natural greens, ambers and near-blacks with no purple, magenta, rainbow or neon cast, and no teal-and-orange grade. Apart from the product's own printed label, which must be reproduced exactly as it appears in the reference image, the frame must contain no added text, watermark, signature or logo, and no borders, frames, vignette or interface elements. Nothing medical: no pills, capsules, syringes, medical crosses, lab coats, clinical laboratory or hospital settings, stethoscopes, anatomical diagrams or glowing organs. No people, faces or hands. Anatomy must be correct with no duplicated or deformed specimens, no extra stems and no impossible growth. Avoid a generic stock-photograph look."
"product-tremella-mushroom-elixir-combo-50ml-30ml-macro.jpg","product","4:5","4K","product tremella-mushroom-elixir-combo-50ml-30ml - gallery image 2","A drop of Tremella Mushroom Elixir Combo (50ml+30ml) tincture falling from a glass dropper.","Photograph, in extreme macro, a single drop of pale golden tincture falling from a glass dropper pipette against a near-black background. Catch the drop mid-fall and render it sharp, with internal refraction and a warm specular highlight, fine mist and dust in the beam. Shoot it with a high-speed capture look, premium and editorial, with no bottle label visible in frame.","Photographic realism only - not an illustration, 3D render or CGI. Keep the palette in muted natural greens, ambers and near-blacks with no purple, magenta, rainbow or neon cast, and no teal-and-orange grade. The frame must contain no text, lettering, watermark, signature, logo, packaging or label, no borders, frames or vignette, and no interface elements. Nothing medical: no pills, capsules, syringes, medical crosses, lab coats, clinical laboratory or hospital settings, stethoscopes, anatomical diagrams or glowing organs. No people, faces or hands. Anatomy must be correct with no duplicated or deformed specimens, no extra stems and no impossible growth. Avoid a generic stock-photograph look."
"product-tremella-mushroom-elixir-combo-50ml-30ml-scene.jpg","product","4:5","4K","product tremella-mushroom-elixir-combo-50ml-30ml - gallery image 3","Tremella Mushroom Elixir Combo (50ml+30ml) bottle staged with its botanical.","Restage the amber glass dropper bottle from the reference image, preserving its exact label artwork, cap type, glass colour and proportions, as a premium product still life. Place it at a three-quarter angle standing on wet dark slate, lit by a single soft key at 45 degrees from camera left with a cool rim light raking the glass shoulder, against a near-black #0B0E0C background falling to pure shadow, with warm amber transmission through the glass and fine dust in the light beam. Arrange both bottles side by side with tremella lobes catching the rim light sparsely in the mid-ground, softly out of focus. Light it like a spirits campaign: matte, muted natural colour, extremely sharp on the bottle, medium-format look. Do not alter, redraw or re-letter the label. Compose wider, giving the botanical material more of the frame than the bottle.","Photographic realism only - not an illustration, 3D render or CGI. Keep the palette in muted natural greens, ambers and near-blacks with no purple, magenta, rainbow or neon cast, and no teal-and-orange grade. Apart from the product's own printed label, which must be reproduced exactly as it appears in the reference image, the frame must contain no added text, watermark, signature or logo, and no borders, frames, vignette or interface elements. Nothing medical: no pills, capsules, syringes, medical crosses, lab coats, clinical laboratory or hospital settings, stethoscopes, anatomical diagrams or glowing organs. No people, faces or hands. Anatomy must be correct with no duplicated or deformed specimens, no extra stems and no impossible growth. Avoid a generic stock-photograph look."
"product-elixir-of-life-6-mushroom-blend-50ml.jpg","product","4:5","4K","product elixir-of-life-6-mushroom-blend-50ml - gallery image 1","Amber dropper bottle of Elixir of life 6 Mushroom Blend (50ml) on dark slate.","Restage the amber glass dropper bottle from the reference image, preserving its exact label artwork, cap type, glass colour and proportions, as a premium product still life. Place it at a three-quarter angle standing on wet dark slate, lit by a single soft key at 45 degrees from camera left with a cool rim light raking the glass shoulder, against a near-black #0B0E0C background falling to pure shadow, with warm amber transmission through the glass and fine dust in the light beam. Arrange the six species in this blend in a shallow arc with none dominant - Reishi (Ganoderma lucidum), a kidney-shaped bracket with a lacquered red-brown cap, concentric zoning and a pale cream margin; Lion's Mane (Hericium erinaceus), a white cushion of long hanging spines with no cap, no gills and no stem; Cordyceps militaris, a cluster of bright orange club-shaped fruiting bodies with no insect anywhere in frame; Chaga (Inonotus obliquus), a black cracked charcoal-like conk with rusty orange showing in the fissures; Turkey Tail (Trametes versicolor), thin overlapping brackets banded in brown, ochre, cream and slate, showing a white pore surface and no gills; and Tremella fuciformis, a translucent white gelatinous frill of wavy lobes sparsely in the mid-ground, softly out of focus. Light it like a spirits campaign: matte, muted natural colour, extremely sharp on the bottle, medium-format look. Do not alter, redraw or re-letter the label. These are the only organisms permitted in the frame, and each must be rendered exactly as described. No other mushroom of any kind may appear - specifically no Amanita, no warted, spotted or red-and-white cap, no ring and no basal volva, no porcini, chanterelle, morel, parasol, shaggy ink cap, milkcap or fly agaric, and no small brown or yellow-green gilled toadstool of any sort. No insects, no fossils, no shells and no foliage beyond what is described above.","Photographic realism only - not an illustration, 3D render or CGI. Keep the palette in muted natural greens, ambers and near-blacks with no purple, magenta, rainbow or neon cast, and no teal-and-orange grade. Apart from the product's own printed label, which must be reproduced exactly as it appears in the reference image, the frame must contain no added text, watermark, signature or logo, and no borders, frames, vignette or interface elements. Nothing medical: no pills, capsules, syringes, medical crosses, lab coats, clinical laboratory or hospital settings, stethoscopes, anatomical diagrams or glowing organs. No people, faces or hands. Anatomy must be correct with no duplicated or deformed specimens, no extra stems and no impossible growth. Avoid a generic stock-photograph look."
"product-elixir-of-life-6-mushroom-blend-50ml-macro.jpg","product","4:5","4K","product elixir-of-life-6-mushroom-blend-50ml - gallery image 2","A drop of Elixir of life 6 Mushroom Blend (50ml) tincture falling from a glass dropper.","Photograph, in extreme macro, a single drop of deep brown tincture falling from a glass dropper pipette against a near-black background. Catch the drop mid-fall and render it sharp, with internal refraction and a warm specular highlight, fine mist and dust in the beam. Shoot it with a high-speed capture look, premium and editorial, with no bottle label visible in frame.","Photographic realism only - not an illustration, 3D render or CGI. Keep the palette in muted natural greens, ambers and near-blacks with no purple, magenta, rainbow or neon cast, and no teal-and-orange grade. The frame must contain no text, lettering, watermark, signature, logo, packaging or label, no borders, frames or vignette, and no interface elements. Nothing medical: no pills, capsules, syringes, medical crosses, lab coats, clinical laboratory or hospital settings, stethoscopes, anatomical diagrams or glowing organs. No people, faces or hands. Anatomy must be correct with no duplicated or deformed specimens, no extra stems and no impossible growth. Avoid a generic stock-photograph look."
"product-elixir-of-life-6-mushroom-blend-50ml-scene.jpg","product","4:5","4K","product elixir-of-life-6-mushroom-blend-50ml - gallery image 3","Elixir of life 6 Mushroom Blend (50ml) bottle staged with its botanical.","Restage the amber glass dropper bottle from the reference image, preserving its exact label artwork, cap type, glass colour and proportions, as a premium product still life. Place it at a three-quarter angle standing on wet dark slate, lit by a single soft key at 45 degrees from camera left with a cool rim light raking the glass shoulder, against a near-black #0B0E0C background falling to pure shadow, with warm amber transmission through the glass and fine dust in the light beam. Arrange the six species in this blend in a shallow arc with none dominant - Reishi (Ganoderma lucidum), a kidney-shaped bracket with a lacquered red-brown cap, concentric zoning and a pale cream margin; Lion's Mane (Hericium erinaceus), a white cushion of long hanging spines with no cap, no gills and no stem; Cordyceps militaris, a cluster of bright orange club-shaped fruiting bodies with no insect anywhere in frame; Chaga (Inonotus obliquus), a black cracked charcoal-like conk with rusty orange showing in the fissures; Turkey Tail (Trametes versicolor), thin overlapping brackets banded in brown, ochre, cream and slate, showing a white pore surface and no gills; and Tremella fuciformis, a translucent white gelatinous frill of wavy lobes sparsely in the mid-ground, softly out of focus. Light it like a spirits campaign: matte, muted natural colour, extremely sharp on the bottle, medium-format look. Do not alter, redraw or re-letter the label. These are the only organisms permitted in the frame, and each must be rendered exactly as described. No other mushroom of any kind may appear - specifically no Amanita, no warted, spotted or red-and-white cap, no ring and no basal volva, no porcini, chanterelle, morel, parasol, shaggy ink cap, milkcap or fly agaric, and no small brown or yellow-green gilled toadstool of any sort. No insects, no fossils, no shells and no foliage beyond what is described above. Compose wider, giving the botanical material more of the frame than the bottle.","Photographic realism only - not an illustration, 3D render or CGI. Keep the palette in muted natural greens, ambers and near-blacks with no purple, magenta, rainbow or neon cast, and no teal-and-orange grade. Apart from the product's own printed label, which must be reproduced exactly as it appears in the reference image, the frame must contain no added text, watermark, signature or logo, and no borders, frames, vignette or interface elements. Nothing medical: no pills, capsules, syringes, medical crosses, lab coats, clinical laboratory or hospital settings, stethoscopes, anatomical diagrams or glowing organs. No people, faces or hands. Anatomy must be correct with no duplicated or deformed specimens, no extra stems and no impossible growth. Avoid a generic stock-photograph look."
"product-new-general-maintenance-50ml.jpg","product","4:5","4K","product new-general-maintenance-50ml - gallery image 1","Amber dropper bottle of NEW! General Maintenance 50ml on dark slate.","Restage the amber glass dropper bottle from the reference image, preserving its exact label artwork, cap type, glass colour and proportions, as a premium product still life. Place it at a three-quarter angle standing on wet dark slate, lit by a single soft key at 45 degrees from camera left with a cool rim light raking the glass shoulder, against a near-black #0B0E0C background falling to pure shadow, with warm amber transmission through the glass and fine dust in the light beam. Arrange the three species in this blend with dried bracken in morning light - Turkey Tail (Trametes versicolor), thin overlapping brackets banded in brown, ochre, cream and slate, showing a white pore surface and no gills; Lion's Mane (Hericium erinaceus), a white cushion of long hanging spines with no cap, no gills and no stem; and Cordyceps militaris, a cluster of bright orange club-shaped fruiting bodies with no insect anywhere in frame sparsely in the mid-ground, softly out of focus. Light it like a spirits campaign: matte, muted natural colour, extremely sharp on the bottle, medium-format look. Do not alter, redraw or re-letter the label. These are the only organisms permitted in the frame, and each must be rendered exactly as described. No other mushroom of any kind may appear - specifically no Amanita, no warted, spotted or red-and-white cap, no ring and no basal volva, no porcini, chanterelle, morel, parasol, shaggy ink cap, milkcap or fly agaric, and no small brown or yellow-green gilled toadstool of any sort. No insects, no fossils, no shells and no foliage beyond what is described above.","Photographic realism only - not an illustration, 3D render or CGI. Keep the palette in muted natural greens, ambers and near-blacks with no purple, magenta, rainbow or neon cast, and no teal-and-orange grade. Apart from the product's own printed label, which must be reproduced exactly as it appears in the reference image, the frame must contain no added text, watermark, signature or logo, and no borders, frames, vignette or interface elements. Nothing medical: no pills, capsules, syringes, medical crosses, lab coats, clinical laboratory or hospital settings, stethoscopes, anatomical diagrams or glowing organs. No people, faces or hands. Anatomy must be correct with no duplicated or deformed specimens, no extra stems and no impossible growth. Avoid a generic stock-photograph look."
"product-new-general-maintenance-50ml-macro.jpg","product","4:5","4K","product new-general-maintenance-50ml - gallery image 2","A drop of NEW! General Maintenance 50ml tincture falling from a glass dropper.","Photograph, in extreme macro, a single drop of amber tincture falling from a glass dropper pipette against a near-black background. Catch the drop mid-fall and render it sharp, with internal refraction and a warm specular highlight, fine mist and dust in the beam. Shoot it with a high-speed capture look, premium and editorial, with no bottle label visible in frame.","Photographic realism only - not an illustration, 3D render or CGI. Keep the palette in muted natural greens, ambers and near-blacks with no purple, magenta, rainbow or neon cast, and no teal-and-orange grade. The frame must contain no text, lettering, watermark, signature, logo, packaging or label, no borders, frames or vignette, and no interface elements. Nothing medical: no pills, capsules, syringes, medical crosses, lab coats, clinical laboratory or hospital settings, stethoscopes, anatomical diagrams or glowing organs. No people, faces or hands. Anatomy must be correct with no duplicated or deformed specimens, no extra stems and no impossible growth. Avoid a generic stock-photograph look."
"product-new-general-maintenance-50ml-scene.jpg","product","4:5","4K","product new-general-maintenance-50ml - gallery image 3","NEW! General Maintenance 50ml bottle staged with its botanical.","Restage the amber glass dropper bottle from the reference image, preserving its exact label artwork, cap type, glass colour and proportions, as a premium product still life. Place it at a three-quarter angle standing on wet dark slate, lit by a single soft key at 45 degrees from camera left with a cool rim light raking the glass shoulder, against a near-black #0B0E0C background falling to pure shadow, with warm amber transmission through the glass and fine dust in the light beam. Arrange the three species in this blend with dried bracken in morning light - Turkey Tail (Trametes versicolor), thin overlapping brackets banded in brown, ochre, cream and slate, showing a white pore surface and no gills; Lion's Mane (Hericium erinaceus), a white cushion of long hanging spines with no cap, no gills and no stem; and Cordyceps militaris, a cluster of bright orange club-shaped fruiting bodies with no insect anywhere in frame sparsely in the mid-ground, softly out of focus. Light it like a spirits campaign: matte, muted natural colour, extremely sharp on the bottle, medium-format look. Do not alter, redraw or re-letter the label. These are the only organisms permitted in the frame, and each must be rendered exactly as described. No other mushroom of any kind may appear - specifically no Amanita, no warted, spotted or red-and-white cap, no ring and no basal volva, no porcini, chanterelle, morel, parasol, shaggy ink cap, milkcap or fly agaric, and no small brown or yellow-green gilled toadstool of any sort. No insects, no fossils, no shells and no foliage beyond what is described above. Compose wider, giving the botanical material more of the frame than the bottle.","Photographic realism only - not an illustration, 3D render or CGI. Keep the palette in muted natural greens, ambers and near-blacks with no purple, magenta, rainbow or neon cast, and no teal-and-orange grade. Apart from the product's own printed label, which must be reproduced exactly as it appears in the reference image, the frame must contain no added text, watermark, signature or logo, and no borders, frames, vignette or interface elements. Nothing medical: no pills, capsules, syringes, medical crosses, lab coats, clinical laboratory or hospital settings, stethoscopes, anatomical diagrams or glowing organs. No people, faces or hands. Anatomy must be correct with no duplicated or deformed specimens, no extra stems and no impossible growth. Avoid a generic stock-photograph look."
"product-the-workaholic.jpg","product","4:5","4K","product the-workaholic - gallery image 1","Amber dropper bottle of The Workaholic 50ml on dark slate.","Restage the amber glass dropper bottle from the reference image, preserving its exact label artwork, cap type, glass colour and proportions, as a premium product still life. Place it at a three-quarter angle standing on wet dark slate, lit by a single soft key at 45 degrees from camera left with a cool rim light raking the glass shoulder, against a near-black #0B0E0C background falling to pure shadow, with warm amber transmission through the glass and fine dust in the light beam. Arrange a slate desk edge, a cold coffee ring and a single Lion's Mane specimen sparsely in the mid-ground, softly out of focus. Light it like a spirits campaign: matte, muted natural colour, extremely sharp on the bottle, medium-format look. Do not alter, redraw or re-letter the label.","Photographic realism only - not an illustration, 3D render or CGI. Keep the palette in muted natural greens, ambers and near-blacks with no purple, magenta, rainbow or neon cast, and no teal-and-orange grade. Apart from the product's own printed label, which must be reproduced exactly as it appears in the reference image, the frame must contain no added text, watermark, signature or logo, and no borders, frames, vignette or interface elements. Nothing medical: no pills, capsules, syringes, medical crosses, lab coats, clinical laboratory or hospital settings, stethoscopes, anatomical diagrams or glowing organs. No people, faces or hands. Anatomy must be correct with no duplicated or deformed specimens, no extra stems and no impossible growth. Avoid a generic stock-photograph look."
"product-the-workaholic-macro.jpg","product","4:5","4K","product the-workaholic - gallery image 2","A drop of The Workaholic 50ml tincture falling from a glass dropper.","Photograph, in extreme macro, a single drop of amber tincture falling from a glass dropper pipette against a near-black background. Catch the drop mid-fall and render it sharp, with internal refraction and a warm specular highlight, fine mist and dust in the beam. Shoot it with a high-speed capture look, premium and editorial, with no bottle label visible in frame.","Photographic realism only - not an illustration, 3D render or CGI. Keep the palette in muted natural greens, ambers and near-blacks with no purple, magenta, rainbow or neon cast, and no teal-and-orange grade. The frame must contain no text, lettering, watermark, signature, logo, packaging or label, no borders, frames or vignette, and no interface elements. Nothing medical: no pills, capsules, syringes, medical crosses, lab coats, clinical laboratory or hospital settings, stethoscopes, anatomical diagrams or glowing organs. No people, faces or hands. Anatomy must be correct with no duplicated or deformed specimens, no extra stems and no impossible growth. Avoid a generic stock-photograph look."
"product-the-workaholic-scene.jpg","product","4:5","4K","product the-workaholic - gallery image 3","The Workaholic 50ml bottle staged with its botanical.","Restage the amber glass dropper bottle from the reference image, preserving its exact label artwork, cap type, glass colour and proportions, as a premium product still life. Place it at a three-quarter angle standing on wet dark slate, lit by a single soft key at 45 degrees from camera left with a cool rim light raking the glass shoulder, against a near-black #0B0E0C background falling to pure shadow, with warm amber transmission through the glass and fine dust in the light beam. Arrange a slate desk edge, a cold coffee ring and a single Lion's Mane specimen sparsely in the mid-ground, softly out of focus. Light it like a spirits campaign: matte, muted natural colour, extremely sharp on the bottle, medium-format look. Do not alter, redraw or re-letter the label. Compose wider, giving the botanical material more of the frame than the bottle.","Photographic realism only - not an illustration, 3D render or CGI. Keep the palette in muted natural greens, ambers and near-blacks with no purple, magenta, rainbow or neon cast, and no teal-and-orange grade. Apart from the product's own printed label, which must be reproduced exactly as it appears in the reference image, the frame must contain no added text, watermark, signature or logo, and no borders, frames, vignette or interface elements. Nothing medical: no pills, capsules, syringes, medical crosses, lab coats, clinical laboratory or hospital settings, stethoscopes, anatomical diagrams or glowing organs. No people, faces or hands. Anatomy must be correct with no duplicated or deformed specimens, no extra stems and no impossible growth. Avoid a generic stock-photograph look."
"product-relax-no-stress-50ml.jpg","product","4:5","4K","product relax-no-stress-50ml - gallery image 1","Amber dropper bottle of Relax no stress 50ml amber bottle with fast flow dropper cap on dark slate.","Restage the amber glass dropper bottle from the reference image, preserving its exact label artwork, cap type, glass colour and proportions, as a premium product still life. Place it at a three-quarter angle standing on wet dark slate, lit by a single soft key at 45 degrees from camera left with a cool rim light raking the glass shoulder, against a near-black #0B0E0C background falling to pure shadow, with warm amber transmission through the glass and fine dust in the light beam. Arrange a soft fabric fold and a reishi bracket in low warm dusk light sparsely in the mid-ground, softly out of focus. Light it like a spirits campaign: matte, muted natural colour, extremely sharp on the bottle, medium-format look. Do not alter, redraw or re-letter the label.","Photographic realism only - not an illustration, 3D render or CGI. Keep the palette in muted natural greens, ambers and near-blacks with no purple, magenta, rainbow or neon cast, and no teal-and-orange grade. Apart from the product's own printed label, which must be reproduced exactly as it appears in the reference image, the frame must contain no added text, watermark, signature or logo, and no borders, frames, vignette or interface elements. Nothing medical: no pills, capsules, syringes, medical crosses, lab coats, clinical laboratory or hospital settings, stethoscopes, anatomical diagrams or glowing organs. No people, faces or hands. Anatomy must be correct with no duplicated or deformed specimens, no extra stems and no impossible growth. Avoid a generic stock-photograph look."
"product-relax-no-stress-50ml-macro.jpg","product","4:5","4K","product relax-no-stress-50ml - gallery image 2","A drop of Relax no stress 50ml amber bottle with fast flow dropper cap tincture falling from a glass dropper.","Photograph, in extreme macro, a single drop of deep brown tincture falling from a glass dropper pipette against a near-black background. Catch the drop mid-fall and render it sharp, with internal refraction and a warm specular highlight, fine mist and dust in the beam. Shoot it with a high-speed capture look, premium and editorial, with no bottle label visible in frame.","Photographic realism only - not an illustration, 3D render or CGI. Keep the palette in muted natural greens, ambers and near-blacks with no purple, magenta, rainbow or neon cast, and no teal-and-orange grade. The frame must contain no text, lettering, watermark, signature, logo, packaging or label, no borders, frames or vignette, and no interface elements. Nothing medical: no pills, capsules, syringes, medical crosses, lab coats, clinical laboratory or hospital settings, stethoscopes, anatomical diagrams or glowing organs. No people, faces or hands. Anatomy must be correct with no duplicated or deformed specimens, no extra stems and no impossible growth. Avoid a generic stock-photograph look."
"product-relax-no-stress-50ml-scene.jpg","product","4:5","4K","product relax-no-stress-50ml - gallery image 3","Relax no stress 50ml amber bottle with fast flow dropper cap bottle staged with its botanical.","Restage the amber glass dropper bottle from the reference image, preserving its exact label artwork, cap type, glass colour and proportions, as a premium product still life. Place it at a three-quarter angle standing on wet dark slate, lit by a single soft key at 45 degrees from camera left with a cool rim light raking the glass shoulder, against a near-black #0B0E0C background falling to pure shadow, with warm amber transmission through the glass and fine dust in the light beam. Arrange a soft fabric fold and a reishi bracket in low warm dusk light sparsely in the mid-ground, softly out of focus. Light it like a spirits campaign: matte, muted natural colour, extremely sharp on the bottle, medium-format look. Do not alter, redraw or re-letter the label. Compose wider, giving the botanical material more of the frame than the bottle.","Photographic realism only - not an illustration, 3D render or CGI. Keep the palette in muted natural greens, ambers and near-blacks with no purple, magenta, rainbow or neon cast, and no teal-and-orange grade. Apart from the product's own printed label, which must be reproduced exactly as it appears in the reference image, the frame must contain no added text, watermark, signature or logo, and no borders, frames, vignette or interface elements. Nothing medical: no pills, capsules, syringes, medical crosses, lab coats, clinical laboratory or hospital settings, stethoscopes, anatomical diagrams or glowing organs. No people, faces or hands. Anatomy must be correct with no duplicated or deformed specimens, no extra stems and no impossible growth. Avoid a generic stock-photograph look."
"product-menopause-50ml.jpg","product","4:5","4K","product menopause-50ml - gallery image 1","Amber dropper bottle of Meno'pause' 50ml on dark slate.","Restage the amber glass dropper bottle from the reference image, preserving its exact label artwork, cap type, glass colour and proportions, as a premium product still life. Place it at a three-quarter angle standing on wet dark slate, lit by a single soft key at 45 degrees from camera left with a cool rim light raking the glass shoulder, against a near-black #0B0E0C background falling to pure shadow, with warm amber transmission through the glass and fine dust in the light beam. Arrange warm cream linen and a dried fynbos sprig in soft diffused light sparsely in the mid-ground, softly out of focus. Light it like a spirits campaign: matte, muted natural colour, extremely sharp on the bottle, medium-format look. Do not alter, redraw or re-letter the label.","Photographic realism only - not an illustration, 3D render or CGI. Keep the palette in muted natural greens, ambers and near-blacks with no purple, magenta, rainbow or neon cast, and no teal-and-orange grade. Apart from the product's own printed label, which must be reproduced exactly as it appears in the reference image, the frame must contain no added text, watermark, signature or logo, and no borders, frames, vignette or interface elements. Nothing medical: no pills, capsules, syringes, medical crosses, lab coats, clinical laboratory or hospital settings, stethoscopes, anatomical diagrams or glowing organs. No people, faces or hands. Anatomy must be correct with no duplicated or deformed specimens, no extra stems and no impossible growth. Avoid a generic stock-photograph look."
"product-menopause-50ml-macro.jpg","product","4:5","4K","product menopause-50ml - gallery image 2","A drop of Meno'pause' 50ml tincture falling from a glass dropper.","Photograph, in extreme macro, a single drop of amber tincture falling from a glass dropper pipette against a near-black background. Catch the drop mid-fall and render it sharp, with internal refraction and a warm specular highlight, fine mist and dust in the beam. Shoot it with a high-speed capture look, premium and editorial, with no bottle label visible in frame.","Photographic realism only - not an illustration, 3D render or CGI. Keep the palette in muted natural greens, ambers and near-blacks with no purple, magenta, rainbow or neon cast, and no teal-and-orange grade. The frame must contain no text, lettering, watermark, signature, logo, packaging or label, no borders, frames or vignette, and no interface elements. Nothing medical: no pills, capsules, syringes, medical crosses, lab coats, clinical laboratory or hospital settings, stethoscopes, anatomical diagrams or glowing organs. No people, faces or hands. Anatomy must be correct with no duplicated or deformed specimens, no extra stems and no impossible growth. Avoid a generic stock-photograph look."
"product-menopause-50ml-scene.jpg","product","4:5","4K","product menopause-50ml - gallery image 3","Meno'pause' 50ml bottle staged with its botanical.","Restage the amber glass dropper bottle from the reference image, preserving its exact label artwork, cap type, glass colour and proportions, as a premium product still life. Place it at a three-quarter angle standing on wet dark slate, lit by a single soft key at 45 degrees from camera left with a cool rim light raking the glass shoulder, against a near-black #0B0E0C background falling to pure shadow, with warm amber transmission through the glass and fine dust in the light beam. Arrange warm cream linen and a dried fynbos sprig in soft diffused light sparsely in the mid-ground, softly out of focus. Light it like a spirits campaign: matte, muted natural colour, extremely sharp on the bottle, medium-format look. Do not alter, redraw or re-letter the label. Compose wider, giving the botanical material more of the frame than the bottle.","Photographic realism only - not an illustration, 3D render or CGI. Keep the palette in muted natural greens, ambers and near-blacks with no purple, magenta, rainbow or neon cast, and no teal-and-orange grade. Apart from the product's own printed label, which must be reproduced exactly as it appears in the reference image, the frame must contain no added text, watermark, signature or logo, and no borders, frames, vignette or interface elements. Nothing medical: no pills, capsules, syringes, medical crosses, lab coats, clinical laboratory or hospital settings, stethoscopes, anatomical diagrams or glowing organs. No people, faces or hands. Anatomy must be correct with no duplicated or deformed specimens, no extra stems and no impossible growth. Avoid a generic stock-photograph look."
"product-myco-radiance-skin-perfection.jpg","product","4:5","4K","product myco-radiance-skin-perfection - gallery image 1","Amber dropper bottle of Myco-Radiance 'skin perfection' 50ml on dark slate.","Restage the amber glass dropper bottle from the reference image, preserving its exact label artwork, cap type, glass colour and proportions, as a premium product still life. Place it at a three-quarter angle standing on wet dark slate, lit by a single soft key at 45 degrees from camera left with a cool rim light raking the glass shoulder, against a near-black #0B0E0C background falling to pure shadow, with warm amber transmission through the glass and fine dust in the light beam. Arrange tremella lobes and a shiitake cap with dewy highlights in a slightly cooler grade sparsely in the mid-ground, softly out of focus. Light it like a spirits campaign: matte, muted natural colour, extremely sharp on the bottle, medium-format look. Do not alter, redraw or re-letter the label.","Photographic realism only - not an illustration, 3D render or CGI. Keep the palette in muted natural greens, ambers and near-blacks with no purple, magenta, rainbow or neon cast, and no teal-and-orange grade. Apart from the product's own printed label, which must be reproduced exactly as it appears in the reference image, the frame must contain no added text, watermark, signature or logo, and no borders, frames, vignette or interface elements. Nothing medical: no pills, capsules, syringes, medical crosses, lab coats, clinical laboratory or hospital settings, stethoscopes, anatomical diagrams or glowing organs. No people, faces or hands. Anatomy must be correct with no duplicated or deformed specimens, no extra stems and no impossible growth. Avoid a generic stock-photograph look."
"product-myco-radiance-skin-perfection-macro.jpg","product","4:5","4K","product myco-radiance-skin-perfection - gallery image 2","A drop of Myco-Radiance 'skin perfection' 50ml tincture falling from a glass dropper.","Photograph, in extreme macro, a single drop of pale golden tincture falling from a glass dropper pipette against a near-black background. Catch the drop mid-fall and render it sharp, with internal refraction and a warm specular highlight, fine mist and dust in the beam. Shoot it with a high-speed capture look, premium and editorial, with no bottle label visible in frame.","Photographic realism only - not an illustration, 3D render or CGI. Keep the palette in muted natural greens, ambers and near-blacks with no purple, magenta, rainbow or neon cast, and no teal-and-orange grade. The frame must contain no text, lettering, watermark, signature, logo, packaging or label, no borders, frames or vignette, and no interface elements. Nothing medical: no pills, capsules, syringes, medical crosses, lab coats, clinical laboratory or hospital settings, stethoscopes, anatomical diagrams or glowing organs. No people, faces or hands. Anatomy must be correct with no duplicated or deformed specimens, no extra stems and no impossible growth. Avoid a generic stock-photograph look."
"product-myco-radiance-skin-perfection-scene.jpg","product","4:5","4K","product myco-radiance-skin-perfection - gallery image 3","Myco-Radiance 'skin perfection' 50ml bottle staged with its botanical.","Restage the amber glass dropper bottle from the reference image, preserving its exact label artwork, cap type, glass colour and proportions, as a premium product still life. Place it at a three-quarter angle standing on wet dark slate, lit by a single soft key at 45 degrees from camera left with a cool rim light raking the glass shoulder, against a near-black #0B0E0C background falling to pure shadow, with warm amber transmission through the glass and fine dust in the light beam. Arrange tremella lobes and a shiitake cap with dewy highlights in a slightly cooler grade sparsely in the mid-ground, softly out of focus. Light it like a spirits campaign: matte, muted natural colour, extremely sharp on the bottle, medium-format look. Do not alter, redraw or re-letter the label. Compose wider, giving the botanical material more of the frame than the bottle.","Photographic realism only - not an illustration, 3D render or CGI. Keep the palette in muted natural greens, ambers and near-blacks with no purple, magenta, rainbow or neon cast, and no teal-and-orange grade. Apart from the product's own printed label, which must be reproduced exactly as it appears in the reference image, the frame must contain no added text, watermark, signature or logo, and no borders, frames, vignette or interface elements. Nothing medical: no pills, capsules, syringes, medical crosses, lab coats, clinical laboratory or hospital settings, stethoscopes, anatomical diagrams or glowing organs. No people, faces or hands. Anatomy must be correct with no duplicated or deformed specimens, no extra stems and no impossible growth. Avoid a generic stock-photograph look."
"product-extreme-gut-fix.jpg","product","4:5","4K","product extreme-gut-fix - gallery image 1","Amber dropper bottle of Extreme Gut Fix 50ml on dark slate.","Restage the amber glass dropper bottle from the reference image, preserving its exact label artwork, cap type, glass colour and proportions, as a premium product still life. Place it at a three-quarter angle standing on wet dark slate, lit by a single soft key at 45 degrees from camera left with a cool rim light raking the glass shoulder, against a near-black #0B0E0C background falling to pure shadow, with warm amber transmission through the glass and fine dust in the light beam. Arrange turkey tail brackets on dark ceramic in fermented-amber tones sparsely in the mid-ground, softly out of focus. Light it like a spirits campaign: matte, muted natural colour, extremely sharp on the bottle, medium-format look. Do not alter, redraw or re-letter the label.","Photographic realism only - not an illustration, 3D render or CGI. Keep the palette in muted natural greens, ambers and near-blacks with no purple, magenta, rainbow or neon cast, and no teal-and-orange grade. Apart from the product's own printed label, which must be reproduced exactly as it appears in the reference image, the frame must contain no added text, watermark, signature or logo, and no borders, frames, vignette or interface elements. Nothing medical: no pills, capsules, syringes, medical crosses, lab coats, clinical laboratory or hospital settings, stethoscopes, anatomical diagrams or glowing organs. No people, faces or hands. Anatomy must be correct with no duplicated or deformed specimens, no extra stems and no impossible growth. Avoid a generic stock-photograph look."
"product-extreme-gut-fix-macro.jpg","product","4:5","4K","product extreme-gut-fix - gallery image 2","A drop of Extreme Gut Fix 50ml tincture falling from a glass dropper.","Photograph, in extreme macro, a single drop of deep brown tincture falling from a glass dropper pipette against a near-black background. Catch the drop mid-fall and render it sharp, with internal refraction and a warm specular highlight, fine mist and dust in the beam. Shoot it with a high-speed capture look, premium and editorial, with no bottle label visible in frame.","Photographic realism only - not an illustration, 3D render or CGI. Keep the palette in muted natural greens, ambers and near-blacks with no purple, magenta, rainbow or neon cast, and no teal-and-orange grade. The frame must contain no text, lettering, watermark, signature, logo, packaging or label, no borders, frames or vignette, and no interface elements. Nothing medical: no pills, capsules, syringes, medical crosses, lab coats, clinical laboratory or hospital settings, stethoscopes, anatomical diagrams or glowing organs. No people, faces or hands. Anatomy must be correct with no duplicated or deformed specimens, no extra stems and no impossible growth. Avoid a generic stock-photograph look."
"product-extreme-gut-fix-scene.jpg","product","4:5","4K","product extreme-gut-fix - gallery image 3","Extreme Gut Fix 50ml bottle staged with its botanical.","Restage the amber glass dropper bottle from the reference image, preserving its exact label artwork, cap type, glass colour and proportions, as a premium product still life. Place it at a three-quarter angle standing on wet dark slate, lit by a single soft key at 45 degrees from camera left with a cool rim light raking the glass shoulder, against a near-black #0B0E0C background falling to pure shadow, with warm amber transmission through the glass and fine dust in the light beam. Arrange turkey tail brackets on dark ceramic in fermented-amber tones sparsely in the mid-ground, softly out of focus. Light it like a spirits campaign: matte, muted natural colour, extremely sharp on the bottle, medium-format look. Do not alter, redraw or re-letter the label. Compose wider, giving the botanical material more of the frame than the bottle.","Photographic realism only - not an illustration, 3D render or CGI. Keep the palette in muted natural greens, ambers and near-blacks with no purple, magenta, rainbow or neon cast, and no teal-and-orange grade. Apart from the product's own printed label, which must be reproduced exactly as it appears in the reference image, the frame must contain no added text, watermark, signature or logo, and no borders, frames, vignette or interface elements. Nothing medical: no pills, capsules, syringes, medical crosses, lab coats, clinical laboratory or hospital settings, stethoscopes, anatomical diagrams or glowing organs. No people, faces or hands. Anatomy must be correct with no duplicated or deformed specimens, no extra stems and no impossible growth. Avoid a generic stock-photograph look."
"product-sceletium-tortuosum-the-happy-place-50ml.jpg","product","4:5","4K","product sceletium-tortuosum-the-happy-place-50ml - gallery image 1","Amber dropper bottle of Sceletium  tortuosum 'The Happy Place"" 50ml on dark slate.","Restage the amber glass dropper bottle from the reference image, preserving its exact label artwork, cap type, glass colour and proportions, as a premium product still life. Place it at a three-quarter angle standing on wet dark slate, lit by a single soft key at 45 degrees from camera left with a cool rim light raking the glass shoulder, against a near-black #0B0E0C background falling to pure shadow, with warm amber transmission through the glass and fine dust in the light beam. Arrange sceletium succulent leaves and one pale flower in Karoo grit - a succulent plant, no mushroom or fungus in frame sparsely in the mid-ground, softly out of focus. Light it like a spirits campaign: matte, muted natural colour, extremely sharp on the bottle, medium-format look. Do not alter, redraw or re-letter the label.","Photographic realism only - not an illustration, 3D render or CGI. Keep the palette in muted natural greens, ambers and near-blacks with no purple, magenta, rainbow or neon cast, and no teal-and-orange grade. Apart from the product's own printed label, which must be reproduced exactly as it appears in the reference image, the frame must contain no added text, watermark, signature or logo, and no borders, frames, vignette or interface elements. Nothing medical: no pills, capsules, syringes, medical crosses, lab coats, clinical laboratory or hospital settings, stethoscopes, anatomical diagrams or glowing organs. No people, faces or hands. Anatomy must be correct with no duplicated or deformed specimens, no extra stems and no impossible growth. Avoid a generic stock-photograph look."
"product-sceletium-tortuosum-the-happy-place-50ml-macro.jpg","product","4:5","4K","product sceletium-tortuosum-the-happy-place-50ml - gallery image 2","A drop of Sceletium  tortuosum 'The Happy Place"" 50ml tincture falling from a glass dropper.","Photograph, in extreme macro, a single drop of amber tincture falling from a glass dropper pipette against a near-black background. Catch the drop mid-fall and render it sharp, with internal refraction and a warm specular highlight, fine mist and dust in the beam. Shoot it with a high-speed capture look, premium and editorial, with no bottle label visible in frame.","Photographic realism only - not an illustration, 3D render or CGI. Keep the palette in muted natural greens, ambers and near-blacks with no purple, magenta, rainbow or neon cast, and no teal-and-orange grade. The frame must contain no text, lettering, watermark, signature, logo, packaging or label, no borders, frames or vignette, and no interface elements. Nothing medical: no pills, capsules, syringes, medical crosses, lab coats, clinical laboratory or hospital settings, stethoscopes, anatomical diagrams or glowing organs. No people, faces or hands. Anatomy must be correct with no duplicated or deformed specimens, no extra stems and no impossible growth. Avoid a generic stock-photograph look."
"product-sceletium-tortuosum-the-happy-place-50ml-scene.jpg","product","4:5","4K","product sceletium-tortuosum-the-happy-place-50ml - gallery image 3","Sceletium  tortuosum 'The Happy Place"" 50ml bottle staged with its botanical.","Restage the amber glass dropper bottle from the reference image, preserving its exact label artwork, cap type, glass colour and proportions, as a premium product still life. Place it at a three-quarter angle standing on wet dark slate, lit by a single soft key at 45 degrees from camera left with a cool rim light raking the glass shoulder, against a near-black #0B0E0C background falling to pure shadow, with warm amber transmission through the glass and fine dust in the light beam. Arrange sceletium succulent leaves and one pale flower in Karoo grit - a succulent plant, no mushroom or fungus in frame sparsely in the mid-ground, softly out of focus. Light it like a spirits campaign: matte, muted natural colour, extremely sharp on the bottle, medium-format look. Do not alter, redraw or re-letter the label. Compose wider, giving the botanical material more of the frame than the bottle.","Photographic realism only - not an illustration, 3D render or CGI. Keep the palette in muted natural greens, ambers and near-blacks with no purple, magenta, rainbow or neon cast, and no teal-and-orange grade. Apart from the product's own printed label, which must be reproduced exactly as it appears in the reference image, the frame must contain no added text, watermark, signature or logo, and no borders, frames, vignette or interface elements. Nothing medical: no pills, capsules, syringes, medical crosses, lab coats, clinical laboratory or hospital settings, stethoscopes, anatomical diagrams or glowing organs. No people, faces or hands. Anatomy must be correct with no duplicated or deformed specimens, no extra stems and no impossible growth. Avoid a generic stock-photograph look."
"product-elixir-for-pets-tincture-30ml.jpg","product","4:5","4K","product elixir-for-pets-tincture-30ml - gallery image 1","Amber dropper bottle of ELIXIR For Pets Tincture (30ml) on dark slate.","Restage the amber glass dropper bottle from the reference image, preserving its exact label artwork, cap type, glass colour and proportions, as a premium product still life. Place it at a three-quarter angle standing on wet dark slate, lit by a single soft key at 45 degrees from camera left with a cool rim light raking the glass shoulder, against a near-black #0B0E0C background falling to pure shadow, with warm amber transmission through the glass and fine dust in the light beam. Arrange a worn leather collar out of focus and dry grass in warm domestic light, with no animal in frame sparsely in the mid-ground, softly out of focus. Light it like a spirits campaign: matte, muted natural colour, extremely sharp on the bottle, medium-format look. Do not alter, redraw or re-letter the label.","Photographic realism only - not an illustration, 3D render or CGI. Keep the palette in muted natural greens, ambers and near-blacks with no purple, magenta, rainbow or neon cast, and no teal-and-orange grade. Apart from the product's own printed label, which must be reproduced exactly as it appears in the reference image, the frame must contain no added text, watermark, signature or logo, and no borders, frames, vignette or interface elements. Nothing medical: no pills, capsules, syringes, medical crosses, lab coats, clinical laboratory or hospital settings, stethoscopes, anatomical diagrams or glowing organs. No people, faces or hands. Anatomy must be correct with no duplicated or deformed specimens, no extra stems and no impossible growth. Avoid a generic stock-photograph look."
"product-elixir-for-pets-tincture-30ml-macro.jpg","product","4:5","4K","product elixir-for-pets-tincture-30ml - gallery image 2","A drop of ELIXIR For Pets Tincture (30ml) tincture falling from a glass dropper.","Photograph, in extreme macro, a single drop of amber tincture falling from a glass dropper pipette against a near-black background. Catch the drop mid-fall and render it sharp, with internal refraction and a warm specular highlight, fine mist and dust in the beam. Shoot it with a high-speed capture look, premium and editorial, with no bottle label visible in frame.","Photographic realism only - not an illustration, 3D render or CGI. Keep the palette in muted natural greens, ambers and near-blacks with no purple, magenta, rainbow or neon cast, and no teal-and-orange grade. The frame must contain no text, lettering, watermark, signature, logo, packaging or label, no borders, frames or vignette, and no interface elements. Nothing medical: no pills, capsules, syringes, medical crosses, lab coats, clinical laboratory or hospital settings, stethoscopes, anatomical diagrams or glowing organs. No people, faces or hands. Anatomy must be correct with no duplicated or deformed specimens, no extra stems and no impossible growth. Avoid a generic stock-photograph look."
"product-elixir-for-pets-tincture-30ml-scene.jpg","product","4:5","4K","product elixir-for-pets-tincture-30ml - gallery image 3","ELIXIR For Pets Tincture (30ml) bottle staged with its botanical.","Restage the amber glass dropper bottle from the reference image, preserving its exact label artwork, cap type, glass colour and proportions, as a premium product still life. Place it at a three-quarter angle standing on wet dark slate, lit by a single soft key at 45 degrees from camera left with a cool rim light raking the glass shoulder, against a near-black #0B0E0C background falling to pure shadow, with warm amber transmission through the glass and fine dust in the light beam. Arrange a worn leather collar out of focus and dry grass in warm domestic light, with no animal in frame sparsely in the mid-ground, softly out of focus. Light it like a spirits campaign: matte, muted natural colour, extremely sharp on the bottle, medium-format look. Do not alter, redraw or re-letter the label. Compose wider, giving the botanical material more of the frame than the bottle.","Photographic realism only - not an illustration, 3D render or CGI. Keep the palette in muted natural greens, ambers and near-blacks with no purple, magenta, rainbow or neon cast, and no teal-and-orange grade. Apart from the product's own printed label, which must be reproduced exactly as it appears in the reference image, the frame must contain no added text, watermark, signature or logo, and no borders, frames, vignette or interface elements. Nothing medical: no pills, capsules, syringes, medical crosses, lab coats, clinical laboratory or hospital settings, stethoscopes, anatomical diagrams or glowing organs. No people, faces or hands. Anatomy must be correct with no duplicated or deformed specimens, no extra stems and no impossible growth. Avoid a generic stock-photograph look."
"product-pet-elixer-of-life-combo-50ml-30ml.jpg","product","4:5","4K","product pet-elixer-of-life-combo-50ml-30ml - gallery image 1","Amber dropper bottle of Pet & Elixer Of Life Combo (50ml+30ml) on dark slate.","Restage the amber glass dropper bottle from the reference image, preserving its exact label artwork, cap type, glass colour and proportions, as a premium product still life. Place it at a three-quarter angle standing on wet dark slate, lit by a single soft key at 45 degrees from camera left with a cool rim light raking the glass shoulder, against a near-black #0B0E0C background falling to pure shadow, with warm amber transmission through the glass and fine dust in the light beam. Arrange both bottles side by side with a worn leather collar and dry grass, no animal in frame sparsely in the mid-ground, softly out of focus. Light it like a spirits campaign: matte, muted natural colour, extremely sharp on the bottle, medium-format look. Do not alter, redraw or re-letter the label.","Photographic realism only - not an illustration, 3D render or CGI. Keep the palette in muted natural greens, ambers and near-blacks with no purple, magenta, rainbow or neon cast, and no teal-and-orange grade. Apart from the product's own printed label, which must be reproduced exactly as it appears in the reference image, the frame must contain no added text, watermark, signature or logo, and no borders, frames, vignette or interface elements. Nothing medical: no pills, capsules, syringes, medical crosses, lab coats, clinical laboratory or hospital settings, stethoscopes, anatomical diagrams or glowing organs. No people, faces or hands. Anatomy must be correct with no duplicated or deformed specimens, no extra stems and no impossible growth. Avoid a generic stock-photograph look."
"product-pet-elixer-of-life-combo-50ml-30ml-macro.jpg","product","4:5","4K","product pet-elixer-of-life-combo-50ml-30ml - gallery image 2","A drop of Pet & Elixer Of Life Combo (50ml+30ml) tincture falling from a glass dropper.","Photograph, in extreme macro, a single drop of amber tincture falling from a glass dropper pipette against a near-black background. Catch the drop mid-fall and render it sharp, with internal refraction and a warm specular highlight, fine mist and dust in the beam. Shoot it with a high-speed capture look, premium and editorial, with no bottle label visible in frame.","Photographic realism only - not an illustration, 3D render or CGI. Keep the palette in muted natural greens, ambers and near-blacks with no purple, magenta, rainbow or neon cast, and no teal-and-orange grade. The frame must contain no text, lettering, watermark, signature, logo, packaging or label, no borders, frames or vignette, and no interface elements. Nothing medical: no pills, capsules, syringes, medical crosses, lab coats, clinical laboratory or hospital settings, stethoscopes, anatomical diagrams or glowing organs. No people, faces or hands. Anatomy must be correct with no duplicated or deformed specimens, no extra stems and no impossible growth. Avoid a generic stock-photograph look."
"product-pet-elixer-of-life-combo-50ml-30ml-scene.jpg","product","4:5","4K","product pet-elixer-of-life-combo-50ml-30ml - gallery image 3","Pet & Elixer Of Life Combo (50ml+30ml) bottle staged with its botanical.","Restage the amber glass dropper bottle from the reference image, preserving its exact label artwork, cap type, glass colour and proportions, as a premium product still life. Place it at a three-quarter angle standing on wet dark slate, lit by a single soft key at 45 degrees from camera left with a cool rim light raking the glass shoulder, against a near-black #0B0E0C background falling to pure shadow, with warm amber transmission through the glass and fine dust in the light beam. Arrange both bottles side by side with a worn leather collar and dry grass, no animal in frame sparsely in the mid-ground, softly out of focus. Light it like a spirits campaign: matte, muted natural colour, extremely sharp on the bottle, medium-format look. Do not alter, redraw or re-letter the label. Compose wider, giving the botanical material more of the frame than the bottle.","Photographic realism only - not an illustration, 3D render or CGI. Keep the palette in muted natural greens, ambers and near-blacks with no purple, magenta, rainbow or neon cast, and no teal-and-orange grade. Apart from the product's own printed label, which must be reproduced exactly as it appears in the reference image, the frame must contain no added text, watermark, signature or logo, and no borders, frames, vignette or interface elements. Nothing medical: no pills, capsules, syringes, medical crosses, lab coats, clinical laboratory or hospital settings, stethoscopes, anatomical diagrams or glowing organs. No people, faces or hands. Anatomy must be correct with no duplicated or deformed specimens, no extra stems and no impossible growth. Avoid a generic stock-photograph look."
"product-scale-hand.jpg","product","4:5","4K","shared gallery - scale reference","A hand holding an amber dropper bottle, showing its size.","Photograph a hand holding an amber glass dropper bottle at chest height in natural window light from the left, wearing a neutral linen sleeve, against a plain warm-grey wall. Render the skin naturally with visible texture, no jewellery and no nail polish, as an honest domestic scale reference. Editorial lifestyle, muted colour.","Photographic realism only - not an illustration, 3D render or CGI. Keep the palette in muted natural greens, ambers and near-blacks with no purple, magenta, rainbow or neon cast, and no teal-and-orange grade. Apart from the product's own printed label, which must be reproduced exactly as it appears in the reference image, the frame must contain no added text, watermark, signature or logo, and no borders, frames, vignette or interface elements. Nothing medical: no pills, capsules, syringes, medical crosses, lab coats, clinical laboratory or hospital settings, stethoscopes, anatomical diagrams or glowing organs. One hand only, rendered naturally with correct fingers; no face and no other person in frame. Anatomy must be correct with no duplicated or deformed specimens, no extra stems and no impossible growth. Avoid a generic stock-photograph look."
"product-scale-dropper.jpg","product","4:5","4K","shared gallery - scale reference","An amber dropper bottle beside its glass pipette on wet slate.","Photograph an amber glass dropper bottle lying beside its glass pipette on wet dark slate, lit overhead at three-quarters, with water beading on the stone. A clean scale reference, premium still life, no hands.","Photographic realism only - not an illustration, 3D render or CGI. Keep the palette in muted natural greens, ambers and near-blacks with no purple, magenta, rainbow or neon cast, and no teal-and-orange grade. Apart from the product's own printed label, which must be reproduced exactly as it appears in the reference image, the frame must contain no added text, watermark, signature or logo, and no borders, frames, vignette or interface elements. Nothing medical: no pills, capsules, syringes, medical crosses, lab coats, clinical laboratory or hospital settings, stethoscopes, anatomical diagrams or glowing organs. No people, faces or hands. Anatomy must be correct with no duplicated or deformed specimens, no extra stems and no impossible growth. Avoid a generic stock-photograph look."
"hero-forest.jpg","home","16:9","4K","index > hero.image","Mist threading between yellowwood trunks in Afromontane forest at first light.","Photograph, wide and cinematic, the floor of a Southern Cape Afromontane forest at first light: yellowwood and stinkwood trunks, tree ferns, deep leaf litter, and low sea mist threading between the trunks. A single shaft of warm light strikes damp ground where pale fungal fruiting bodies emerge, with faint mycelial threads visible in the litter. Hold the shadows near-black and the palette to muted green and amber. Leave a large uncluttered dark area across the left two-thirds of the frame for overlaid text. Atmospheric and restrained.","Photographic realism only - not an illustration, 3D render or CGI. Keep the palette in muted natural greens, ambers and near-blacks with no purple, magenta, rainbow or neon cast, and no teal-and-orange grade. The frame must contain no text, lettering, watermark, signature, logo, packaging or label, no borders, frames or vignette, and no interface elements. Nothing medical: no pills, capsules, syringes, medical crosses, lab coats, clinical laboratory or hospital settings, stethoscopes, anatomical diagrams or glowing organs. No people, faces or hands. Anatomy must be correct with no duplicated or deformed specimens, no extra stems and no impossible growth. Avoid a generic stock-photograph look."
"hero-forest-mobile.jpg","home","4:5","4K","index > hero.image_mobile","Mist threading between yellowwood trunks in Afromontane forest at first light.","Photograph the same Southern Cape Afromontane forest scene recomposed vertically: the light shaft and fungal cluster sit in the lower third, canopy and sea mist above. Keep the grade identical - muted green and amber, near-black shadows - and leave clear dark space across the top half of the frame for overlaid text.","Photographic realism only - not an illustration, 3D render or CGI. Keep the palette in muted natural greens, ambers and near-blacks with no purple, magenta, rainbow or neon cast, and no teal-and-orange grade. The frame must contain no text, lettering, watermark, signature, logo, packaging or label, no borders, frames or vignette, and no interface elements. Nothing medical: no pills, capsules, syringes, medical crosses, lab coats, clinical laboratory or hospital settings, stethoscopes, anatomical diagrams or glowing organs. No people, faces or hands. Anatomy must be correct with no duplicated or deformed specimens, no extra stems and no impossible growth. Avoid a generic stock-photograph look."
"page-index-process.jpg","home","4:5","2K","index > image-with-text.image","Amber demijohns and dried mushroom material on a workshop bench.","Photograph a small-batch extraction still life: amber glass demijohns on a scarred timber bench, spring water in a plain glass vessel, and dried mushroom material in a shallow steel tray, lit by late afternoon light through a dusty window. It should read as an artisanal workshop and not a laboratory - warm and matter-of-fact, with no people, no lab equipment and no clinical surfaces.","Photographic realism only - not an illustration, 3D render or CGI. Keep the palette in muted natural greens, ambers and near-blacks with no purple, magenta, rainbow or neon cast, and no teal-and-orange grade. The frame must contain no text, lettering, watermark, signature, logo, packaging or label, no borders, frames or vignette, and no interface elements. Nothing medical: no pills, capsules, syringes, medical crosses, lab coats, clinical laboratory or hospital settings, stethoscopes, anatomical diagrams or glowing organs. No people, faces or hands. Anatomy must be correct with no duplicated or deformed specimens, no extra stems and no impossible growth. Avoid a generic stock-photograph look."
"collection-all-og.jpg","collection","3:2","2K","collection all - featured_image (crop to 1200x630)","Shop all collection.","Photograph an arc of amber bottles receding into shadow at shallow depth of field, lit with a single soft key at 45 degrees against a near-black #0B0E0C ground, in muted natural greens, ambers and near-blacks. Compose wide with generous negative space on one third of the frame for an overlaid wordmark. Premium editorial, matte, medium-format look.","Photographic realism only - not an illustration, 3D render or CGI. Keep the palette in muted natural greens, ambers and near-blacks with no purple, magenta, rainbow or neon cast, and no teal-and-orange grade. The frame must contain no text, lettering, watermark, signature, logo, packaging or label, no borders, frames or vignette, and no interface elements. Nothing medical: no pills, capsules, syringes, medical crosses, lab coats, clinical laboratory or hospital settings, stethoscopes, anatomical diagrams or glowing organs. No people, faces or hands. Anatomy must be correct with no duplicated or deformed specimens, no extra stems and no impossible growth. Avoid a generic stock-photograph look."
"collection-single-species-og.jpg","collection","3:2","2K","collection single-species - featured_image (crop to 1200x630)","Single-species tinctures collection.","Photograph the eight Just Mushrooms species laid out in an even grid on dark slate, taxonomic and evenly lit - Lion's Mane (Hericium erinaceus), a white cushion of long hanging spines with no cap, no gills and no stem; Reishi (Ganoderma lucidum), a kidney-shaped bracket with a lacquered red-brown cap, concentric zoning and a pale cream margin; Chaga (Inonotus obliquus), a black cracked charcoal-like conk with rusty orange showing in the fissures; Cordyceps militaris, a cluster of bright orange club-shaped fruiting bodies with no insect anywhere in frame; Turkey Tail (Trametes versicolor), thin overlapping brackets banded in brown, ochre, cream and slate, showing a white pore surface and no gills; Tremella fuciformis, a translucent white gelatinous frill of wavy lobes; Shiitake (Lentinula edodes), a brown umbrella cap with white cracking across it and cream gills beneath; and Sceletium tortuosum, a fleshy green succulent plant with raised translucent bladder cells and one small pale star-shaped flower - a plant, not a fungus, lit with a single soft key at 45 degrees against a near-black #0B0E0C ground, in muted natural greens, ambers and near-blacks. Compose wide with generous negative space on one third of the frame for an overlaid wordmark. Premium editorial, matte, medium-format look. These are the only organisms permitted in the frame, and each must be rendered exactly as described. No other mushroom of any kind may appear - specifically no Amanita, no warted, spotted or red-and-white cap, no ring and no basal volva, no porcini, chanterelle, morel, parasol, shaggy ink cap, milkcap or fly agaric, and no small brown or yellow-green gilled toadstool of any sort. No insects, no fossils, no shells and no foliage beyond what is described above.","Photographic realism only - not an illustration, 3D render or CGI. Keep the palette in muted natural greens, ambers and near-blacks with no purple, magenta, rainbow or neon cast, and no teal-and-orange grade. The frame must contain no text, lettering, watermark, signature, logo, packaging or label, no borders, frames or vignette, and no interface elements. Nothing medical: no pills, capsules, syringes, medical crosses, lab coats, clinical laboratory or hospital settings, stethoscopes, anatomical diagrams or glowing organs. No people, faces or hands. Anatomy must be correct with no duplicated or deformed specimens, no extra stems and no impossible growth. Avoid a generic stock-photograph look."
"collection-blends-og.jpg","collection","3:2","2K","collection blends - featured_image (crop to 1200x630)","Blends collection.","Photograph six named specimens overlapping and merging into one another in a warmer grade - Reishi (Ganoderma lucidum), a kidney-shaped bracket with a lacquered red-brown cap, concentric zoning and a pale cream margin; Lion's Mane (Hericium erinaceus), a white cushion of long hanging spines with no cap, no gills and no stem; Cordyceps militaris, a cluster of bright orange club-shaped fruiting bodies with no insect anywhere in frame; Chaga (Inonotus obliquus), a black cracked charcoal-like conk with rusty orange showing in the fissures; Turkey Tail (Trametes versicolor), thin overlapping brackets banded in brown, ochre, cream and slate, showing a white pore surface and no gills; and Tremella fuciformis, a translucent white gelatinous frill of wavy lobes, lit with a single soft key at 45 degrees against a near-black #0B0E0C ground, in muted natural greens, ambers and near-blacks. Compose wide with generous negative space on one third of the frame for an overlaid wordmark. Premium editorial, matte, medium-format look. These are the only organisms permitted in the frame, and each must be rendered exactly as described. No other mushroom of any kind may appear - specifically no Amanita, no warted, spotted or red-and-white cap, no ring and no basal volva, no porcini, chanterelle, morel, parasol, shaggy ink cap, milkcap or fly agaric, and no small brown or yellow-green gilled toadstool of any sort. No insects, no fossils, no shells and no foliage beyond what is described above.","Photographic realism only - not an illustration, 3D render or CGI. Keep the palette in muted natural greens, ambers and near-blacks with no purple, magenta, rainbow or neon cast, and no teal-and-orange grade. The frame must contain no text, lettering, watermark, signature, logo, packaging or label, no borders, frames or vignette, and no interface elements. Nothing medical: no pills, capsules, syringes, medical crosses, lab coats, clinical laboratory or hospital settings, stethoscopes, anatomical diagrams or glowing organs. No people, faces or hands. Anatomy must be correct with no duplicated or deformed specimens, no extra stems and no impossible growth. Avoid a generic stock-photograph look."
"collection-pets-og.jpg","collection","3:2","2K","collection pets - featured_image (crop to 1200x630)","For pets collection.","Photograph a worn leather collar and an amber bottle on a sunlit floorboard, with no animal in frame, lit with a single soft key at 45 degrees against a near-black #0B0E0C ground, in muted natural greens, ambers and near-blacks. Compose wide with generous negative space on one third of the frame for an overlaid wordmark. Premium editorial, matte, medium-format look.","Photographic realism only - not an illustration, 3D render or CGI. Keep the palette in muted natural greens, ambers and near-blacks with no purple, magenta, rainbow or neon cast, and no teal-and-orange grade. The frame must contain no text, lettering, watermark, signature, logo, packaging or label, no borders, frames or vignette, and no interface elements. Nothing medical: no pills, capsules, syringes, medical crosses, lab coats, clinical laboratory or hospital settings, stethoscopes, anatomical diagrams or glowing organs. No people, faces or hands. Anatomy must be correct with no duplicated or deformed specimens, no extra stems and no impossible growth. Avoid a generic stock-photograph look."
"collection-combo-deals-og.jpg","collection","3:2","2K","collection combo-deals - featured_image (crop to 1200x630)","Combo deals collection.","Photograph paired amber bottles, one taller and one shorter, repeated in receding rows, lit with a single soft key at 45 degrees against a near-black #0B0E0C ground, in muted natural greens, ambers and near-blacks. Compose wide with generous negative space on one third of the frame for an overlaid wordmark. Premium editorial, matte, medium-format look.","Photographic realism only - not an illustration, 3D render or CGI. Keep the palette in muted natural greens, ambers and near-blacks with no purple, magenta, rainbow or neon cast, and no teal-and-orange grade. The frame must contain no text, lettering, watermark, signature, logo, packaging or label, no borders, frames or vignette, and no interface elements. Nothing medical: no pills, capsules, syringes, medical crosses, lab coats, clinical laboratory or hospital settings, stethoscopes, anatomical diagrams or glowing organs. No people, faces or hands. Anatomy must be correct with no duplicated or deformed specimens, no extra stems and no impossible growth. Avoid a generic stock-photograph look."
"collection-botanicals-og.jpg","collection","3:2","2K","collection botanicals - featured_image (crop to 1200x630)","Botanicals collection.","Photograph a sceletium succulent in Karoo quartz grit, wide and arid - a plant, not a fungus, lit with a single soft key at 45 degrees against a near-black #0B0E0C ground, in muted natural greens, ambers and near-blacks. Compose wide with generous negative space on one third of the frame for an overlaid wordmark. Premium editorial, matte, medium-format look.","Photographic realism only - not an illustration, 3D render or CGI. Keep the palette in muted natural greens, ambers and near-blacks with no purple, magenta, rainbow or neon cast, and no teal-and-orange grade. The frame must contain no text, lettering, watermark, signature, logo, packaging or label, no borders, frames or vignette, and no interface elements. Nothing medical: no pills, capsules, syringes, medical crosses, lab coats, clinical laboratory or hospital settings, stethoscopes, anatomical diagrams or glowing organs. No people, faces or hands. Anatomy must be correct with no duplicated or deformed specimens, no extra stems and no impossible growth. Avoid a generic stock-photograph look."
"collection-frontpage-og.jpg","collection","3:2","2K","collection frontpage - featured_image (crop to 1200x630)","Home page collection.","Photograph the Southern Cape forest floor at first light with mist between the trunks, lit with a single soft key at 45 degrees against a near-black #0B0E0C ground, in muted natural greens, ambers and near-blacks. Compose wide with generous negative space on one third of the frame for an overlaid wordmark. Premium editorial, matte, medium-format look.","Photographic realism only - not an illustration, 3D render or CGI. Keep the palette in muted natural greens, ambers and near-blacks with no purple, magenta, rainbow or neon cast, and no teal-and-orange grade. The frame must contain no text, lettering, watermark, signature, logo, packaging or label, no borders, frames or vignette, and no interface elements. Nothing medical: no pills, capsules, syringes, medical crosses, lab coats, clinical laboratory or hospital settings, stethoscopes, anatomical diagrams or glowing organs. No people, faces or hands. Anatomy must be correct with no duplicated or deformed specimens, no extra stems and no impossible growth. Avoid a generic stock-photograph look."
"page-about-hero.jpg","page","16:9","4K","page.about > page-hero.image","Plettenberg Bay coastline at dawn seen from the forest edge.","Photograph the Plettenberg Bay coastline at dawn seen from the forest edge, with mist lying over the Tsitsikamma, restrained and very wide. Light it with a single soft key at 45 degrees and a cool rim, against near-black shadows, in muted natural greens, ambers and near-blacks. Premium editorial, matte finish, medium-format look. Leave uncluttered darker area for overlaid text.","Photographic realism only - not an illustration, 3D render or CGI. Keep the palette in muted natural greens, ambers and near-blacks with no purple, magenta, rainbow or neon cast, and no teal-and-orange grade. The frame must contain no text, lettering, watermark, signature, logo, packaging or label, no borders, frames or vignette, and no interface elements. Nothing medical: no pills, capsules, syringes, medical crosses, lab coats, clinical laboratory or hospital settings, stethoscopes, anatomical diagrams or glowing organs. No people, faces or hands. Anatomy must be correct with no duplicated or deformed specimens, no extra stems and no impossible growth. Avoid a generic stock-photograph look."
"page-about-story.jpg","page","4:5","2K","page.about > image-with-text.image","Handwritten batch notes and a scale on a workbench.","Photograph a workbench detail - handwritten batch notes, a balance scale and amber glass in late light, with no faces and no branding. Light it with a single soft key at 45 degrees and a cool rim, against near-black shadows, in muted natural greens, ambers and near-blacks. Premium editorial, matte finish, medium-format look. Leave uncluttered darker area for overlaid text.","Photographic realism only - not an illustration, 3D render or CGI. Keep the palette in muted natural greens, ambers and near-blacks with no purple, magenta, rainbow or neon cast, and no teal-and-orange grade. The frame must contain no text, lettering, watermark, signature, logo, packaging or label, no borders, frames or vignette, and no interface elements. Nothing medical: no pills, capsules, syringes, medical crosses, lab coats, clinical laboratory or hospital settings, stethoscopes, anatomical diagrams or glowing organs. No people, faces or hands. Anatomy must be correct with no duplicated or deformed specimens, no extra stems and no impossible growth. Avoid a generic stock-photograph look."
"page-sourcing-hero.jpg","page","16:9","4K","page.sourcing > page-hero.image","Inoculated hardwood logs stacked in dappled forest shade.","Photograph inoculated hardwood logs stacked in dappled forest shade, damp and orderly, reading as real cultivation. Light it with a single soft key at 45 degrees and a cool rim, against near-black shadows, in muted natural greens, ambers and near-blacks. Premium editorial, matte finish, medium-format look. Leave uncluttered darker area for overlaid text.","Photographic realism only - not an illustration, 3D render or CGI. Keep the palette in muted natural greens, ambers and near-blacks with no purple, magenta, rainbow or neon cast, and no teal-and-orange grade. The frame must contain no text, lettering, watermark, signature, logo, packaging or label, no borders, frames or vignette, and no interface elements. Nothing medical: no pills, capsules, syringes, medical crosses, lab coats, clinical laboratory or hospital settings, stethoscopes, anatomical diagrams or glowing organs. No people, faces or hands. Anatomy must be correct with no duplicated or deformed specimens, no extra stems and no impossible growth. Avoid a generic stock-photograph look."
"page-sourcing-detail.jpg","page","4:5","2K","page.sourcing > image-with-text.image","A wax-sealed inoculation point on an oak log.","Photograph a close detail of a drilled and wax-sealed inoculation point on an oak log, with sawdust spawn visible in the hole. Light it with a single soft key at 45 degrees and a cool rim, against near-black shadows, in muted natural greens, ambers and near-blacks. Premium editorial, matte finish, medium-format look. Leave uncluttered darker area for overlaid text.","Photographic realism only - not an illustration, 3D render or CGI. Keep the palette in muted natural greens, ambers and near-blacks with no purple, magenta, rainbow or neon cast, and no teal-and-orange grade. The frame must contain no text, lettering, watermark, signature, logo, packaging or label, no borders, frames or vignette, and no interface elements. Nothing medical: no pills, capsules, syringes, medical crosses, lab coats, clinical laboratory or hospital settings, stethoscopes, anatomical diagrams or glowing organs. No people, faces or hands. Anatomy must be correct with no duplicated or deformed specimens, no extra stems and no impossible growth. Avoid a generic stock-photograph look."
"page-species-hero.jpg","page","16:9","4K","page.species-index > page-hero.image","Eight mushroom and plant specimens laid out on dark slate.","Photograph a flat-lay taxonomy plate of the eight Just Mushrooms species arranged in an even grid on dark slate, evenly lit and museum-like - Lion's Mane (Hericium erinaceus), a white cushion of long hanging spines with no cap, no gills and no stem; Reishi (Ganoderma lucidum), a kidney-shaped bracket with a lacquered red-brown cap, concentric zoning and a pale cream margin; Chaga (Inonotus obliquus), a black cracked charcoal-like conk with rusty orange showing in the fissures; Cordyceps militaris, a cluster of bright orange club-shaped fruiting bodies with no insect anywhere in frame; Turkey Tail (Trametes versicolor), thin overlapping brackets banded in brown, ochre, cream and slate, showing a white pore surface and no gills; Tremella fuciformis, a translucent white gelatinous frill of wavy lobes; Shiitake (Lentinula edodes), a brown umbrella cap with white cracking across it and cream gills beneath; and Sceletium tortuosum, a fleshy green succulent plant with raised translucent bladder cells and one small pale star-shaped flower - a plant, not a fungus. Light it with a single soft key at 45 degrees and a cool rim, against near-black shadows, in muted natural greens, ambers and near-blacks. Premium editorial, matte finish, medium-format look. Leave uncluttered darker area for overlaid text. These are the only organisms permitted in the frame, and each must be rendered exactly as described. No other mushroom of any kind may appear - specifically no Amanita, no warted, spotted or red-and-white cap, no ring and no basal volva, no porcini, chanterelle, morel, parasol, shaggy ink cap, milkcap or fly agaric, and no small brown or yellow-green gilled toadstool of any sort. No insects, no fossils, no shells and no foliage beyond what is described above.","Photographic realism only - not an illustration, 3D render or CGI. Keep the palette in muted natural greens, ambers and near-blacks with no purple, magenta, rainbow or neon cast, and no teal-and-orange grade. The frame must contain no text, lettering, watermark, signature, logo, packaging or label, no borders, frames or vignette, and no interface elements. Nothing medical: no pills, capsules, syringes, medical crosses, lab coats, clinical laboratory or hospital settings, stethoscopes, anatomical diagrams or glowing organs. No people, faces or hands. Anatomy must be correct with no duplicated or deformed specimens, no extra stems and no impossible growth. Avoid a generic stock-photograph look."
"page-mushroom-finder-hero.jpg","page","16:9","4K","page.mushroom-finder > page-hero.image","A branching mycelial network against near-black.","Photograph a branching mycelial network glowing very faintly against near-black, abstract but organic, suggesting a decision tree. Keep the pale green accent under five percent of the frame. Light it with a single soft key at 45 degrees and a cool rim, against near-black shadows, in muted natural greens, ambers and near-blacks. Premium editorial, matte finish, medium-format look. Leave uncluttered darker area for overlaid text.","Photographic realism only - not an illustration, 3D render or CGI. Keep the palette in muted natural greens, ambers and near-blacks with no purple, magenta, rainbow or neon cast, and no teal-and-orange grade. The frame must contain no text, lettering, watermark, signature, logo, packaging or label, no borders, frames or vignette, and no interface elements. Nothing medical: no pills, capsules, syringes, medical crosses, lab coats, clinical laboratory or hospital settings, stethoscopes, anatomical diagrams or glowing organs. No people, faces or hands. Anatomy must be correct with no duplicated or deformed specimens, no extra stems and no impossible growth. Avoid a generic stock-photograph look."
"page-faq-hero.jpg","page","16:9","4K","page.faq > page-hero.image","Layered bracket fungi in quiet macro.","Photograph layered bracket fungi in quiet macro, calm and neutral, with heavy negative space. Light it with a single soft key at 45 degrees and a cool rim, against near-black shadows, in muted natural greens, ambers and near-blacks. Premium editorial, matte finish, medium-format look. Leave uncluttered darker area for overlaid text.","Photographic realism only - not an illustration, 3D render or CGI. Keep the palette in muted natural greens, ambers and near-blacks with no purple, magenta, rainbow or neon cast, and no teal-and-orange grade. The frame must contain no text, lettering, watermark, signature, logo, packaging or label, no borders, frames or vignette, and no interface elements. Nothing medical: no pills, capsules, syringes, medical crosses, lab coats, clinical laboratory or hospital settings, stethoscopes, anatomical diagrams or glowing organs. No people, faces or hands. Anatomy must be correct with no duplicated or deformed specimens, no extra stems and no impossible growth. Avoid a generic stock-photograph look."
"page-contact-hero.jpg","page","16:9","4K","page.contact > page-hero.image","The Garden Route coast road in soft morning light.","Photograph the Garden Route coast road in soft morning light, giving a sense of place, with no signage and no vehicles. Light it with a single soft key at 45 degrees and a cool rim, against near-black shadows, in muted natural greens, ambers and near-blacks. Premium editorial, matte finish, medium-format look. Leave uncluttered darker area for overlaid text.","Photographic realism only - not an illustration, 3D render or CGI. Keep the palette in muted natural greens, ambers and near-blacks with no purple, magenta, rainbow or neon cast, and no teal-and-orange grade. The frame must contain no text, lettering, watermark, signature, logo, packaging or label, no borders, frames or vignette, and no interface elements. Nothing medical: no pills, capsules, syringes, medical crosses, lab coats, clinical laboratory or hospital settings, stethoscopes, anatomical diagrams or glowing organs. No people, faces or hands. Anatomy must be correct with no duplicated or deformed specimens, no extra stems and no impossible growth. Avoid a generic stock-photograph look."
"page-disclaimer-hero.jpg","page","16:9","4K","page.disclaimer > page-hero.image","Wet dark slate under a single raking light.","Photograph wet dark slate texture under a single raking light, deliberately plain, with no specimen in frame - sober and quiet. Light it with a single soft key at 45 degrees and a cool rim, against near-black shadows, in muted natural greens, ambers and near-blacks. Premium editorial, matte finish, medium-format look. Leave uncluttered darker area for overlaid text.","Photographic realism only - not an illustration, 3D render or CGI. Keep the palette in muted natural greens, ambers and near-blacks with no purple, magenta, rainbow or neon cast, and no teal-and-orange grade. The frame must contain no text, lettering, watermark, signature, logo, packaging or label, no borders, frames or vignette, and no interface elements. Nothing medical: no pills, capsules, syringes, medical crosses, lab coats, clinical laboratory or hospital settings, stethoscopes, anatomical diagrams or glowing organs. No people, faces or hands. Anatomy must be correct with no duplicated or deformed specimens, no extra stems and no impossible growth. Avoid a generic stock-photograph look."
"page-shipping-returns-hero.jpg","page","16:9","4K","page.shipping-returns > page-hero.image","An unbranded kraft parcel on a timber bench.","Photograph an unbranded kraft parcel and paper packing material on a timber bench, honest and practical, with no courier branding and no logos. Light it with a single soft key at 45 degrees and a cool rim, against near-black shadows, in muted natural greens, ambers and near-blacks. Premium editorial, matte finish, medium-format look. Leave uncluttered darker area for overlaid text.","Photographic realism only - not an illustration, 3D render or CGI. Keep the palette in muted natural greens, ambers and near-blacks with no purple, magenta, rainbow or neon cast, and no teal-and-orange grade. The frame must contain no text, lettering, watermark, signature, logo, packaging or label, no borders, frames or vignette, and no interface elements. Nothing medical: no pills, capsules, syringes, medical crosses, lab coats, clinical laboratory or hospital settings, stethoscopes, anatomical diagrams or glowing organs. No people, faces or hands. Anatomy must be correct with no duplicated or deformed specimens, no extra stems and no impossible growth. Avoid a generic stock-photograph look."
"article-blog-hero.jpg","blog","16:9","2K","article card - Blog index banner","Blog index banner.","Photograph an open field notebook on a timber desk with three dried specimens laid beside it - Turkey Tail (Trametes versicolor), thin overlapping brackets banded in brown, ochre, cream and slate, showing a white pore surface and no gills; Reishi (Ganoderma lucidum), a kidney-shaped bracket with a lacquered red-brown cap, concentric zoning and a pale cream margin; and Sceletium tortuosum, a fleshy green succulent plant with raised translucent bladder cells and one small pale star-shaped flower - a plant, not a fungus, lit by a single soft key at 45 degrees against near-black shadows, in muted natural greens, ambers and near-blacks. Premium editorial, matte, medium-format look. These are the only organisms permitted in the frame, and each must be rendered exactly as described. No other mushroom of any kind may appear - specifically no Amanita, no warted, spotted or red-and-white cap, no ring and no basal volva, no porcini, chanterelle, morel, parasol, shaggy ink cap, milkcap or fly agaric, and no small brown or yellow-green gilled toadstool of any sort. No insects, no fossils, no shells and no foliage beyond what is described above.","Photographic realism only - not an illustration, 3D render or CGI. Keep the palette in muted natural greens, ambers and near-blacks with no purple, magenta, rainbow or neon cast, and no teal-and-orange grade. The frame must contain no text, lettering, watermark, signature, logo, packaging or label, no borders, frames or vignette, and no interface elements. Nothing medical: no pills, capsules, syringes, medical crosses, lab coats, clinical laboratory or hospital settings, stethoscopes, anatomical diagrams or glowing organs. No people, faces or hands. Anatomy must be correct with no duplicated or deformed specimens, no extra stems and no impossible growth. Avoid a generic stock-photograph look."
"article-what-is-a-tincture.jpg","blog","16:9","2K","article card - What a dual extraction actually is","What a dual extraction actually is.","Photograph a glass vessel of spring water, a measure of clear ethanol and dried mushroom material arranged on dark slate, lit by a single soft key at 45 degrees against near-black shadows, in muted natural greens, ambers and near-blacks. Premium editorial, matte, medium-format look.","Photographic realism only - not an illustration, 3D render or CGI. Keep the palette in muted natural greens, ambers and near-blacks with no purple, magenta, rainbow or neon cast, and no teal-and-orange grade. The frame must contain no text, lettering, watermark, signature, logo, packaging or label, no borders, frames or vignette, and no interface elements. Nothing medical: no pills, capsules, syringes, medical crosses, lab coats, clinical laboratory or hospital settings, stethoscopes, anatomical diagrams or glowing organs. No people, faces or hands. Anatomy must be correct with no duplicated or deformed specimens, no extra stems and no impossible growth. Avoid a generic stock-photograph look."
"article-fruit-body-vs-mycelium.jpg","blog","16:9","2K","article card - Fruit body against grain-grown mycelium","Fruit body against grain-grown mycelium.","Photograph a whole mushroom fruit body on the left and a block of pale grain-grown mycelium on the right, side by side on dark slate for comparison, lit by a single soft key at 45 degrees against near-black shadows, in muted natural greens, ambers and near-blacks. Premium editorial, matte, medium-format look.","Photographic realism only - not an illustration, 3D render or CGI. Keep the palette in muted natural greens, ambers and near-blacks with no purple, magenta, rainbow or neon cast, and no teal-and-orange grade. The frame must contain no text, lettering, watermark, signature, logo, packaging or label, no borders, frames or vignette, and no interface elements. Nothing medical: no pills, capsules, syringes, medical crosses, lab coats, clinical laboratory or hospital settings, stethoscopes, anatomical diagrams or glowing organs. No people, faces or hands. Anatomy must be correct with no duplicated or deformed specimens, no extra stems and no impossible growth. Avoid a generic stock-photograph look."
"article-reading-evidence-grades.jpg","blog","16:9","2K","article card - How to read the evidence grades","How to read the evidence grades.","Photograph a stack of printed journal papers on dark slate, annotated in pencil, with reading glasses beside them, lit by a single soft key at 45 degrees against near-black shadows, in muted natural greens, ambers and near-blacks. Premium editorial, matte, medium-format look.","Photographic realism only - not an illustration, 3D render or CGI. Keep the palette in muted natural greens, ambers and near-blacks with no purple, magenta, rainbow or neon cast, and no teal-and-orange grade. The frame must contain no text, lettering, watermark, signature, logo, packaging or label, no borders, frames or vignette, and no interface elements. Nothing medical: no pills, capsules, syringes, medical crosses, lab coats, clinical laboratory or hospital settings, stethoscopes, anatomical diagrams or glowing organs. No people, faces or hands. Anatomy must be correct with no duplicated or deformed specimens, no extra stems and no impossible growth. Avoid a generic stock-photograph look."
"article-how-to-take-a-tincture.jpg","blog","16:9","2K","article card - How to take a tincture","How to take a tincture.","Photograph a glass dropper held over a plain glass of water on a breakfast table in morning light, lit by a single soft key at 45 degrees against near-black shadows, in muted natural greens, ambers and near-blacks. Premium editorial, matte, medium-format look.","Photographic realism only - not an illustration, 3D render or CGI. Keep the palette in muted natural greens, ambers and near-blacks with no purple, magenta, rainbow or neon cast, and no teal-and-orange grade. The frame must contain no text, lettering, watermark, signature, logo, packaging or label, no borders, frames or vignette, and no interface elements. Nothing medical: no pills, capsules, syringes, medical crosses, lab coats, clinical laboratory or hospital settings, stethoscopes, anatomical diagrams or glowing organs. No people, faces or hands. Anatomy must be correct with no duplicated or deformed specimens, no extra stems and no impossible growth. Avoid a generic stock-photograph look."
"article-storage-and-shelf-life.jpg","blog","16:9","2K","article card - Storage and shelf life","Storage and shelf life.","Photograph amber bottles standing in a dark cupboard with light falling across the shelf edge, lit by a single soft key at 45 degrees against near-black shadows, in muted natural greens, ambers and near-blacks. Premium editorial, matte, medium-format look.","Photographic realism only - not an illustration, 3D render or CGI. Keep the palette in muted natural greens, ambers and near-blacks with no purple, magenta, rainbow or neon cast, and no teal-and-orange grade. The frame must contain no text, lettering, watermark, signature, logo, packaging or label, no borders, frames or vignette, and no interface elements. Nothing medical: no pills, capsules, syringes, medical crosses, lab coats, clinical laboratory or hospital settings, stethoscopes, anatomical diagrams or glowing organs. No people, faces or hands. Anatomy must be correct with no duplicated or deformed specimens, no extra stems and no impossible growth. Avoid a generic stock-photograph look."
"article-sa-regulations-explained.jpg","blog","16:9","2K","article card - South African regulation, explained","South African regulation, explained.","Photograph plain printed documents and a pen on a timber desk, sober and unbranded, lit by a single soft key at 45 degrees against near-black shadows, in muted natural greens, ambers and near-blacks. Premium editorial, matte, medium-format look.","Photographic realism only - not an illustration, 3D render or CGI. Keep the palette in muted natural greens, ambers and near-blacks with no purple, magenta, rainbow or neon cast, and no teal-and-orange grade. The frame must contain no text, lettering, watermark, signature, logo, packaging or label, no borders, frames or vignette, and no interface elements. Nothing medical: no pills, capsules, syringes, medical crosses, lab coats, clinical laboratory or hospital settings, stethoscopes, anatomical diagrams or glowing organs. No people, faces or hands. Anatomy must be correct with no duplicated or deformed specimens, no extra stems and no impossible growth. Avoid a generic stock-photograph look."
"brand-favicon.png","brand","1:1","2K","favicon source - redraw as vector","","Design a single simplified mycelium-node glyph: one central node with three or four branching threads, rendered in flat gold #C9A24A on a near-black #0B0E0C ground. It must stay legible when reduced to 16 pixels, so keep strokes thick and even and the silhouette simple. Flat graphic mark, centred, generous margin, no text.","Photographic realism only - not an illustration, 3D render or CGI. Keep the palette in muted natural greens, ambers and near-blacks with no purple, magenta, rainbow or neon cast, and no teal-and-orange grade. The frame must contain no text, lettering, watermark, signature, logo, packaging or label, no borders, frames or vignette, and no interface elements. Nothing medical: no pills, capsules, syringes, medical crosses, lab coats, clinical laboratory or hospital settings, stethoscopes, anatomical diagrams or glowing organs. No people, faces or hands. Anatomy must be correct with no duplicated or deformed specimens, no extra stems and no impossible growth. Avoid a generic stock-photograph look."
"brand-apple-touch.png","brand","1:1","2K","apple-touch-icon source - redraw as vector","","Design the same simplified mycelium-node glyph in flat gold #C9A24A, full-bleed on a near-black #0B0E0C ground with a tighter margin. Flat graphic mark, no text.","Photographic realism only - not an illustration, 3D render or CGI. Keep the palette in muted natural greens, ambers and near-blacks with no purple, magenta, rainbow or neon cast, and no teal-and-orange grade. The frame must contain no text, lettering, watermark, signature, logo, packaging or label, no borders, frames or vignette, and no interface elements. Nothing medical: no pills, capsules, syringes, medical crosses, lab coats, clinical laboratory or hospital settings, stethoscopes, anatomical diagrams or glowing organs. No people, faces or hands. Anatomy must be correct with no duplicated or deformed specimens, no extra stems and no impossible growth. Avoid a generic stock-photograph look."
"brand-og-default.jpg","brand","3:2","2K","default og:image (crop to 1200x630)","","Photograph the Southern Cape forest floor at first light with mist between the trunks and a shaft of warm light on damp ground. Compose it very wide with the whole left half dark and empty for an overlaid wordmark. Muted green and amber, near-black shadows. Set the words ""JUST MUSHROOMS"" into that empty half in a fine serif, in cream, small and widely letterspaced.","Photographic realism only - not an illustration, 3D render or CGI. Keep the palette in muted natural greens, ambers and near-blacks with no purple, magenta, rainbow or neon cast, and no teal-and-orange grade. The frame must contain no watermark, signature or stray lettering beyond the wordmark described above, and no borders, frames, vignette or interface elements. Nothing medical: no pills, capsules, syringes, medical crosses, lab coats, clinical laboratory or hospital settings, stethoscopes, anatomical diagrams or glowing organs. No people, faces or hands. Anatomy must be correct with no duplicated or deformed specimens, no extra stems and no impossible growth. Avoid a generic stock-photograph look."
"brand-og-home.jpg","brand","3:2","2K","home og:image (crop to 1200x630)","","Photograph an arc of amber dropper bottles receding into near-black shadow at shallow depth of field, warm rim light on the glass shoulders. Compose wide with the left third empty and dark for an overlaid wordmark.","Photographic realism only - not an illustration, 3D render or CGI. Keep the palette in muted natural greens, ambers and near-blacks with no purple, magenta, rainbow or neon cast, and no teal-and-orange grade. The frame must contain no text, lettering, watermark, signature, logo, packaging or label, no borders, frames or vignette, and no interface elements. Nothing medical: no pills, capsules, syringes, medical crosses, lab coats, clinical laboratory or hospital settings, stethoscopes, anatomical diagrams or glowing organs. No people, faces or hands. Anatomy must be correct with no duplicated or deformed specimens, no extra stems and no impossible growth. Avoid a generic stock-photograph look."
"texture-spores.png","texture","1:1","2K","decorative overlay - aria-hidden","","Render fine suspended spore dust particles in warm white, scattered unevenly, against a fully transparent background. It is a decorative overlay, so keep it subtle and even across the frame, with no focal subject and no composition. Export with an alpha channel.","Photographic realism only - not an illustration, 3D render or CGI. Keep the palette in muted natural greens, ambers and near-blacks with no purple, magenta, rainbow or neon cast, and no teal-and-orange grade. The frame must contain no text, lettering, watermark, signature, logo, packaging or label, no borders, frames or vignette, and no interface elements. Nothing medical: no pills, capsules, syringes, medical crosses, lab coats, clinical laboratory or hospital settings, stethoscopes, anatomical diagrams or glowing organs. No people, faces or hands. Anatomy must be correct with no duplicated or deformed specimens, no extra stems and no impossible growth. Avoid a generic stock-photograph look."
"texture-mycelium-lines.png","texture","1:1","2K","decorative overlay - aria-hidden","","Render delicate branching mycelial linework at a single consistent stroke weight, in pale green #8FF7C8, against a fully transparent background. It is a decorative overlay, so keep it subtle and even across the frame, with no focal subject and no composition. Export with an alpha channel.","Photographic realism only - not an illustration, 3D render or CGI. Keep the palette in muted natural greens, ambers and near-blacks with no purple, magenta, rainbow or neon cast, and no teal-and-orange grade. The frame must contain no text, lettering, watermark, signature, logo, packaging or label, no borders, frames or vignette, and no interface elements. Nothing medical: no pills, capsules, syringes, medical crosses, lab coats, clinical laboratory or hospital settings, stethoscopes, anatomical diagrams or glowing organs. No people, faces or hands. Anatomy must be correct with no duplicated or deformed specimens, no extra stems and no impossible growth. Avoid a generic stock-photograph look."
"texture-paper-grain.png","texture","1:1","2K","decorative overlay - aria-hidden","","Render a neutral organic paper grain at low contrast, seamless and tileable, against a transparent background. It is a decorative overlay, so keep it subtle and even across the frame, with no focal subject and no composition. Export with an alpha channel.","Photographic realism only - not an illustration, 3D render or CGI. Keep the palette in muted natural greens, ambers and near-blacks with no purple, magenta, rainbow or neon cast, and no teal-and-orange grade. The frame must contain no text, lettering, watermark, signature, logo, packaging or label, no borders, frames or vignette, and no interface elements. Nothing medical: no pills, capsules, syringes, medical crosses, lab coats, clinical laboratory or hospital settings, stethoscopes, anatomical diagrams or glowing organs. No people, faces or hands. Anatomy must be correct with no duplicated or deformed specimens, no extra stems and no impossible growth. Avoid a generic stock-photograph look."
"texture-slate.png","texture","1:1","2K","decorative overlay - aria-hidden","","Render a wet dark slate surface texture, seamless and tileable, with subtle water beading and a raking highlight. It is a decorative overlay, so keep it subtle and even across the frame, with no focal subject and no composition. Export with an alpha channel.","Photographic realism only - not an illustration, 3D render or CGI. Keep the palette in muted natural greens, ambers and near-blacks with no purple, magenta, rainbow or neon cast, and no teal-and-orange grade. The frame must contain no text, lettering, watermark, signature, logo, packaging or label, no borders, frames or vignette, and no interface elements. Nothing medical: no pills, capsules, syringes, medical crosses, lab coats, clinical laboratory or hospital settings, stethoscopes, anatomical diagrams or glowing organs. No people, faces or hands. Anatomy must be correct with no duplicated or deformed specimens, no extra stems and no impossible growth. Avoid a generic stock-photograph look."
